task,episode,steps,dPlate,bowlz,maxlift,peaklift,pmove,refok,refpm,holdd,holdz,retq,btilt,bzmin,bimp,bpen,pmax,bpush,slip,ltilt,ikfail,rotacc,nclose,ok,distmax,distobj,strict,strict_why,close_q,d_x,d_y,tip_rim,hold_drift,lost_n,termhold,reject_n,ok013,ok020,ok030,ok050
0,1,26.0,0.0712,0.9144,0.0567,0.0567,0.0511,-1.0,0.0164,0.0199,0.9118,-1.0,41.9,0.898,6.0,0.0,0.0511,0.0,0.0847,41.9,0.0,0.3351,1.0,0.0,0.0075,cookies,0,,6,-0.015,-0.075,-0.019,0.0,2,1,0,0,1,1,1
0,10,22.0,0.0298,0.9123,0.0586,0.0586,0.0331,-1.0,0.0123,0.0134,0.9119,-1.0,36.3,0.898,4.0,0.0004,0.0331,0.0003,0.0801,36.3,0.0,0.2074,1.0,0.0,0.0098,cookies,0,,6,-0.026,-0.077,-0.033,0.0,1,1,0,0,1,1,1
0,11,14.0,0.0129,0.9119,0.0495,0.0495,0.0034,11.0,0.0034,0.013,0.9119,13.0,45.3,0.898,2.0,0.0001,0.0034,0.0001,0.0673,45.3,0.0,0.5,1.0,0.0,0.0,distractor_bowl,1,,6,-0.026,-0.078,-0.028,0.0,0,1,0,0,1,1,1
0,12,49.0,0.0131,0.9118,0.0942,0.0942,0.0181,48.0,0.0181,0.0131,0.9118,48.0,43.2,0.8978,11.0,0.0026,0.0211,0.0,0.1352,43.2,0.0,0.5,1.0,0.0,0.031,ramekin,0,dist=0.0310(ramekin,6,-0.022,-0.078,-0.014,0.0001,1,1,0,0,1,1,1
0,13,23.0,0.0164,0.9118,0.0534,0.0534,0.0352,12.0,0.0292,0.012,0.9119,-1.0,34.6,0.898,2.0,0.002,0.0292,0.0,0.0719,34.6,0.0,0.3098,1.0,0.0,0.0,ramekin,0,pmax=0.0292,6,-0.02,-0.075,-0.018,0.0,0,1,0,1,1,1,1
0,14,13.0,0.007,0.9118,0.0381,0.0381,0.0122,12.0,0.0122,0.007,0.9118,12.0,44.5,0.898,2.0,0.0001,0.0122,0.0,0.0726,44.5,0.0,0.5,1.0,0.0,0.0,ramekin,0,pmax=0.0122,7,-0.003,-0.067,-0.012,0.0,0,1,0,1,1,1,1
0,15,13.0,0.0081,0.9119,0.0556,0.0556,0.0077,11.0,0.0077,0.0081,0.9119,12.0,40.9,0.898,3.0,0.0,0.0077,0.0002,0.0717,40.9,0.0,0.5,1.0,0.0,0.0,ramekin,0,pmax=0.0077,6,-0.025,-0.079,-0.03,0.0001,0,1,0,1,1,1,1
0,16,45.0,0.0166,0.8981,0.0508,0.0508,0.1233,-1.0,0.0906,0.031,0.9074,-1.0,30.7,0.898,13.0,0.0139,0.1233,0.0,0.1019,30.7,0.0,0.5,1.0,0.0,0.0,ramekin,0,,6,-0.023,-0.076,-0.019,0.0025,1,1,0,0,0,0,1
0,17,150.0,0.04,0.9034,0.0568,0.0568,0.1275,-1.0,-1.0,-1.0,-1.0,-1.0,39.0,0.8979,31.0,0.0132,0.1276,0.0006,0.1263,39.0,0.0,0.5,1.0,0.0,0.0031,cookies,0,,6,-0.029,-0.079,-0.032,,0,0,0,0,0,0,0
0,18,30.0,0.039,0.9117,0.0604,0.0604,0.0192,19.0,0.0139,0.0194,0.9118,-1.0,40.8,0.898,5.0,0.0001,0.014,0.0001,0.0819,40.8,0.0,0.5,1.0,0.0,0.0,ramekin,0,pmax=0.0140,6,-0.028,-0.077,-0.022,0.0,0,1,0,0,1,1,1
0,19,37.0,0.0587,0.9247,0.0631,0.0631,0.0466,-1.0,0.0426,0.0418,0.9118,-1.0,48.8,0.898,7.0,0.0001,0.0466,0.0,0.0812,48.8,0.0,0.5,1.0,0.0,0.0,ramekin,0,,6,-0.02,-0.077,-0.012,0.0,1,1,0,0,0,0,1
0,2,38.0,0.0698,0.9117,0.0623,0.0623,0.0427,-1.0,0.0307,0.034,0.9118,-1.0,54.8,0.898,7.0,0.0002,0.0427,0.0,0.0615,54.8,0.0,0.5,1.0,0.0,0.0,ramekin,0,,6,-0.024,-0.074,-0.023,0.0,2,1,0,0,0,0,1
0,20,13.0,0.0127,0.912,0.044,0.044,0.0028,11.0,0.0028,0.0127,0.9119,12.0,40.2,0.898,3.0,0.0005,0.0039,0.0007,0.0623,40.2,0.0,0.5,1.0,0.0,0.0,ramekin,1,,6,-0.029,-0.079,-0.033,0.0001,0,1,0,1,1,1,1
0,21,14.0,0.0135,0.9119,0.0458,0.0458,0.0012,12.0,0.0012,0.0135,0.9119,13.0,34.6,0.898,2.0,0.0,0.0027,0.0023,0.0736,34.6,0.0,0.5,1.0,0.0,0.0,distractor_bowl,1,,6,-0.027,-0.08,-0.042,0.0,0,1,0,0,1,1,1
0,22,12.0,0.0101,0.9119,0.0396,0.0396,0.0021,11.0,0.0021,0.0101,0.9119,11.0,43.7,0.898,3.0,0.0,0.0022,0.0,0.0586,43.7,0.0,0.5,1.0,0.0,0.0,ramekin,1,,6,-0.025,-0.078,-0.027,0.0,0,1,0,1,1,1,1
0,23,89.0,0.0586,0.9121,0.0738,0.0738,0.0716,-1.0,0.0674,0.0289,0.912,-1.0,63.0,0.8979,13.0,0.0119,0.0731,0.0,0.1683,63.0,0.0,0.489,1.0,0.0,0.0098,ramekin,0,,6,-0.021,-0.08,-0.023,0.0002,1,1,0,0,0,1,1
0,24,22.0,0.0465,0.9133,0.0564,0.0564,0.0258,-1.0,0.0077,0.0123,0.912,-1.0,40.4,0.898,4.0,0.0,0.0258,0.0001,0.0691,40.4,0.0,0.2861,1.0,0.0,0.0,ramekin,0,,6,-0.024,-0.078,-0.024,0.0,1,1,0,1,1,1,1
0,25,12.0,0.0102,0.9119,0.0336,0.0336,0.0097,11.0,0.0097,0.0102,0.9119,11.0,43.0,0.898,1.0,0.0,0.0097,0.0,0.0647,43.0,0.0,0.5,1.0,0.0,0.0,ramekin,0,pmax=0.0097,6,-0.017,-0.083,-0.012,0.0,0,1,0,1,1,1,1
0,26,13.0,0.0161,0.912,0.0488,0.0488,0.0057,11.0,0.0057,0.0161,0.9119,12.0,40.2,0.898,3.0,0.0,0.0059,0.0,0.0638,40.2,0.0,0.5,1.0,0.0,0.0,distractor_bowl,0,pmax=0.0059,6,-0.023,-0.079,-0.024,0.0001,0,1,0,0,1,1,1
0,27,150.0,0.1083,0.8993,0.0702,0.0702,0.1621,-1.0,0.0766,0.0229,0.911,-1.0,50.3,0.8979,32.0,0.0139,0.1621,0.0,0.1257,50.3,3.0,0.5,1.0,0.0,0.0052,cookies,0,,7,-0.018,-0.064,-0.011,0.0094,0,0,1,0,0,1,1
0,28,13.0,0.0108,0.9119,0.053,0.053,0.0056,12.0,0.0056,0.0108,0.9119,12.0,40.3,0.898,1.0,0.0,0.0056,0.0,0.0691,40.3,0.0,0.5,1.0,0.0,0.0,ramekin,0,pmax=0.0056,6,-0.022,-0.081,-0.023,0.0,0,1,0,1,1,1,1
0,29,22.0,0.0271,0.9118,0.0571,0.0571,0.0114,-1.0,0.0078,0.0087,0.9119,-1.0,38.8,0.898,4.0,0.0019,0.0114,0.0,0.0705,38.8,0.0,0.3606,1.0,0.0,0.0,ramekin,0,,6,-0.026,-0.077,-0.022,0.0,1,1,0,1,1,1,1
0,3,150.0,0.1963,0.8979,0.05,0.05,0.0561,-1.0,-1.0,-1.0,-1.0,-1.0,39.8,0.8979,16.0,0.0139,0.0675,0.0,0.2145,39.8,0.0,0.4889,1.0,0.0,0.0074,cookies,0,,7,-0.007,-0.063,-0.011,,0,0,0,0,0,0,0
0,30,34.0,0.0275,0.9118,0.061,0.061,0.0108,-1.0,0.0086,0.0171,0.9118,-1.0,43.6,0.898,10.0,0.0001,0.0108,0.0,0.0724,43.6,0.0,0.2667,1.0,0.0,0.0,distractor_bowl,0,,6,-0.024,-0.072,-0.013,0.0,3,1,0,0,1,1,1
0,31,33.0,0.0185,0.9118,0.063,0.063,0.029,22.0,0.0283,0.0082,0.9117,-1.0,51.7,0.898,6.0,0.0007,0.0296,0.0044,0.0831,51.7,0.0,0.5,1.0,0.0,0.0,distractor_bowl,0,pmax=0.0296,7,-0.021,-0.073,-0.048,0.0,0,1,0,1,1,1,1
0,32,13.0,0.0182,0.9117,0.0601,0.0601,0.0049,11.0,0.0049,0.0182,0.9117,12.0,40.4,0.898,2.0,0.0002,0.0051,0.0003,0.0724,40.4,0.0,0.5,1.0,0.0,0.0,ramekin,0,pmax=0.0051,6,-0.024,-0.079,-0.033,0.0002,0,1,0,0,1,1,1
0,33,13.0,0.0215,0.912,0.0574,0.0574,0.0005,11.0,0.0005,0.0215,0.9121,12.0,40.0,0.898,3.0,0.0,0.0005,0.0002,0.0705,40.0,0.0,0.5,1.0,0.0,0.0,ramekin,1,,6,-0.023,-0.08,-0.025,0.0002,0,1,0,0,0,1,1
0,34,150.0,0.1317,0.898,0.0561,0.0561,0.226,-1.0,-1.0,-1.0,-1.0,-1.0,76.2,0.8979,33.0,0.0139,0.226,0.0,0.1598,76.2,1.0,0.5,1.0,0.0,0.0,distractor_bowl,0,,6,-0.019,-0.078,-0.024,,0,0,0,0,0,0,0
0,35,13.0,0.0114,0.9117,0.0548,0.0548,0.013,11.0,0.013,0.0114,0.9117,12.0,37.1,0.898,3.0,0.0001,0.013,0.0008,0.0667,37.1,0.0,0.5,1.0,0.0,0.0,ramekin,0,pmax=0.0130,6,-0.025,-0.078,-0.038,0.0,0,1,0,1,1,1,1
0,36,13.0,0.0178,0.9118,0.0504,0.0504,0.0026,11.0,0.0026,0.0178,0.9118,12.0,47.2,0.898,2.0,0.0001,0.0039,0.0,0.0599,47.2,0.0,0.5,1.0,0.0,0.0,distractor_bowl,1,,6,-0.025,-0.078,-0.021,0.0,0,1,0,0,1,1,1
0,37,40.0,0.0311,0.911,0.0339,0.0339,0.0661,29.0,0.049,0.011,0.9143,-1.0,51.0,0.8979,7.0,0.0009,0.0503,0.0,0.1229,51.0,0.0,0.5,1.0,0.0,0.0,ramekin,0,pmax=0.0503,6,-0.016,-0.075,-0.011,0.0014,0,1,0,1,1,1,1
0,38,13.0,0.0149,0.9116,0.04,0.04,0.0039,11.0,0.0039,0.0149,0.9116,12.0,45.6,0.898,2.0,0.0003,0.0039,0.0,0.0577,45.6,0.0,0.5,1.0,0.0,0.0,ramekin,1,,6,-0.025,-0.079,-0.024,0.0001,0,1,0,0,1,1,1
0,39,13.0,0.0162,0.9117,0.0429,0.0429,0.0027,11.0,0.0027,0.0162,0.9117,12.0,41.1,0.898,2.0,0.0002,0.0067,0.0,0.0712,41.1,0.0,0.5,1.0,0.0,0.0,ramekin,0,pmax=0.0067,6,-0.016,-0.076,-0.012,0.0,0,1,0,0,1,1,1
0,4,13.0,0.0203,0.9119,0.0506,0.0506,0.0172,12.0,0.0172,0.0203,0.9119,12.0,38.3,0.898,3.0,0.0,0.0172,0.0005,0.0699,38.3,0.0,0.5,1.0,0.0,0.0,distractor_bowl,0,pmax=0.0172,6,-0.028,-0.076,-0.032,0.0,0,1,0,0,0,1,1
0,40,25.0,0.0488,0.9118,0.0628,0.0628,0.0237,-1.0,0.0128,0.0265,0.912,-1.0,36.4,0.898,6.0,0.0001,0.0242,0.0003,0.0797,36.4,0.0,0.4199,1.0,0.0,0.0,ramekin,0,,6,-0.022,-0.077,-0.027,0.0,1,1,0,0,0,1,1
0,41,37.0,0.0156,0.8988,0.0471,0.0471,0.26,-1.0,0.035,0.0384,0.912,-1.0,34.7,0.898,14.0,0.0131,0.26,0.0005,0.0989,34.1,0.0,0.3829,1.0,0.0,0.1394,cookies,0,,6,-0.024,-0.076,-0.034,0.0003,1,1,0,0,0,0,1
0,42,23.0,0.0387,0.9176,0.0574,0.0574,0.0803,-1.0,0.042,0.0161,0.9117,-1.0,36.9,0.8979,4.0,0.0011,0.0803,0.001,0.0713,36.9,0.0,0.3136,1.0,0.0,0.0,ramekin,0,,6,-0.025,-0.077,-0.04,0.0,1,1,0,0,1,1,1
0,43,22.0,0.0675,0.8998,0.0595,0.0595,0.0389,-1.0,0.0084,0.0116,0.9118,-1.0,43.0,0.898,5.0,0.0,0.0389,0.0,0.0715,43.0,0.0,0.2686,1.0,0.0,0.0107,cookies,0,,6,-0.023,-0.075,-0.027,0.0,1,1,0,1,1,1,1
0,44,13.0,0.0048,0.912,0.0515,0.0515,0.0026,11.0,0.0026,0.0048,0.912,12.0,41.0,0.898,2.0,0.0,0.0047,0.0,0.062,41.0,0.0,0.5,1.0,0.0,0.0,ramekin,1,,6,-0.023,-0.079,-0.021,0.0,0,1,0,1,1,1,1
0,45,13.0,0.0088,0.9117,0.0486,0.0486,0.0112,11.0,0.0112,0.0088,0.9117,12.0,40.9,0.898,2.0,0.0002,0.0112,0.0001,0.0544,40.9,0.0,0.5,1.0,0.0,0.0,ramekin,0,pmax=0.0112,6,-0.027,-0.078,-0.017,0.0,0,1,0,1,1,1,1
0,46,13.0,0.0126,0.9119,0.0482,0.0482,0.006,11.0,0.006,0.0126,0.9119,12.0,38.0,0.898,2.0,0.0,0.0061,0.0002,0.0616,38.0,0.0,0.5,1.0,0.0,0.0,ramekin,0,pmax=0.0061,6,-0.027,-0.08,-0.025,0.0,0,1,0,1,1,1,1
0,47,15.0,0.0124,0.9117,0.0569,0.0569,0.0046,11.0,0.0056,0.0107,0.9126,14.0,42.1,0.898,3.0,0.0001,0.0064,0.0003,0.0719,42.1,0.0,0.5,1.0,0.0,0.0,ramekin,0,pmax=0.0064,6,-0.027,-0.079,-0.029,0.0011,0,1,0,1,1,1,1
0,48,13.0,0.0062,0.9119,0.0648,0.0648,0.0188,12.0,0.0188,0.0062,0.9119,12.0,34.2,0.898,2.0,0.0,0.0188,0.0014,0.0811,34.2,0.0,0.5,1.0,0.0,0.0,ramekin,0,pmax=0.0188,6,-0.025,-0.077,-0.042,0.0001,0,1,0,1,1,1,1
0,49,150.0,0.0811,0.9026,0.0984,0.0984,0.14,-1.0,-1.0,-1.0,-1.0,-1.0,41.9,0.8978,18.0,0.0081,0.14,0.0029,0.2697,37.8,151.0,0.5,1.0,0.0,0.0003,cookies,0,,6,-0.025,-0.078,-0.046,,0,0,0,0,0,0,0
0,5,14.0,0.0024,0.9119,0.0516,0.0516,0.0004,13.0,0.0004,0.0024,0.9119,13.0,41.1,0.898,3.0,0.0,0.0005,0.0,0.064,41.1,0.0,0.5,1.0,0.0,0.0,ramekin,1,,6,-0.02,-0.075,-0.023,0.0,0,1,0,1,1,1,1
0,50,12.0,0.0081,0.9119,0.0535,0.0535,0.007,11.0,0.007,0.0081,0.9119,11.0,45.5,0.898,2.0,0.0,0.007,0.0001,0.0631,45.5,0.0,0.5,1.0,0.0,0.0,ramekin,0,pmax=0.0070,6,-0.023,-0.079,-0.016,0.0001,0,1,0,1,1,1,1
0,6,23.0,0.0278,0.9118,0.0548,0.0548,0.0048,15.0,0.0072,0.0221,0.912,22.0,38.9,0.898,2.0,0.0001,0.0075,0.0002,0.0709,38.9,0.0,0.5,1.0,0.0,0.0,ramekin,0,pmax=0.0075,6,-0.025,-0.077,-0.024,0.0001,0,1,0,0,0,1,1
0,7,15.0,0.0132,0.9117,0.0582,0.0582,0.0036,11.0,0.0039,0.0153,0.912,14.0,38.3,0.898,2.0,0.0002,0.0039,0.0001,0.0698,38.3,0.0,0.5,1.0,0.0,0.0,distractor_bowl,1,,6,-0.018,-0.078,-0.02,0.0,0,1,0,0,1,1,1
0,8,13.0,0.0236,0.9117,0.0549,0.0549,0.0068,10.0,0.0068,0.0236,0.9117,12.0,45.7,0.898,2.0,0.0002,0.0069,0.0007,0.073,45.7,0.0,0.5,1.0,0.0,0.0,distractor_bowl,0,pmax=0.0069,6,-0.022,-0.079,-0.034,0.0,0,1,0,0,0,1,1
0,9,29.0,0.0316,0.9118,0.0537,0.0537,0.05,18.0,0.0317,0.0294,0.9128,-1.0,38.5,0.898,5.0,0.0001,0.0317,0.0004,0.0685,38.5,0.0,0.5,1.0,0.0,0.0143,cookies,0,dist=0.0143(cookies,6,-0.027,-0.077,-0.032,0.0,1,1,0,0,0,1,1
1,1,37.0,0.0195,0.912,0.0927,0.0927,0.0282,26.0,0.0147,0.0336,0.914,-1.0,39.9,0.8978,5.0,0.0008,0.0167,0.0,0.0833,39.9,0.0,0.5,1.0,0.0,0.0009,ramekin,0,pmax=0.0167,7,0.0,-0.025,-0.012,0.0007,0,1,0,0,0,0,1
1,10,150.0,0.2027,0.9517,0.0875,0.0875,0.0906,-1.0,-1.0,-1.0,-1.0,-1.0,180.0,0.8978,1.0,0.0,0.1007,0.0,0.1473,180.0,0.0,0.5,1.0,0.0,0.0671,ramekin,0,,7,-0.002,-0.023,-0.014,,0,0,0,0,0,0,0
1,11,30.0,0.0292,0.9119,0.1,0.1,0.0169,-1.0,0.0163,0.0273,0.9119,-1.0,41.2,0.8978,6.0,0.0,0.0184,0.0002,0.0878,41.2,0.0,0.5,1.0,0.0,0.0,ramekin,0,,7,0.012,-0.016,-0.019,0.0,1,1,0,0,0,1,1
1,12,28.0,0.0405,0.909,0.0965,0.0965,0.0288,-1.0,0.0275,0.0405,0.909,-1.0,42.8,0.8978,6.0,0.0063,0.0275,0.0072,0.0901,42.8,0.0,0.5,1.0,0.0,0.0162,ramekin,0,,7,-0.006,-0.031,-0.02,0.0012,1,1,1,0,0,0,1
1,13,33.0,0.0792,0.9104,0.0951,0.0951,0.0135,-1.0,0.011,0.0229,0.9152,-1.0,42.2,0.8978,9.0,0.0,0.016,0.0121,0.0862,42.2,0.0,0.4337,1.0,0.0,0.0289,ramekin,0,,7,-0.01,-0.035,-0.018,0.0024,2,1,0,0,0,1,1
1,14,33.0,0.0724,0.9107,0.0985,0.0985,0.0054,-1.0,0.0019,0.0169,0.9138,-1.0,38.1,0.8978,5.0,0.0021,0.0104,0.0054,0.0861,38.1,0.0,0.5,1.0,0.0,0.0256,ramekin,0,,7,-0.009,-0.025,-0.023,0.0015,1,1,0,0,1,1,1
1,15,40.0,0.0206,0.9118,0.1124,0.1124,0.0584,29.0,0.0432,0.0147,0.9111,-1.0,39.3,0.8978,7.0,0.001,0.0437,0.0124,0.0991,39.3,0.0,0.5,1.0,0.0,0.0219,ramekin,0,dist=0.0219(ramekin,9,0.014,0.01,-0.011,0.0,0,1,0,0,1,1,1
1,16,150.0,0.1448,0.898,0.0925,0.0925,0.0875,-1.0,-1.0,-1.0,-1.0,-1.0,45.4,0.8978,12.0,0.0139,0.0895,0.0051,0.1971,45.4,0.0,0.2843,1.0,0.0,0.0319,ramekin,0,,7,-0.015,-0.023,-0.022,,0,0,0,0,0,0,0
1,17,150.0,0.0934,0.9828,0.0925,0.0925,0.1115,-1.0,-1.0,-1.0,-1.0,-1.0,40.7,0.8978,7.0,0.0,0.1115,0.0039,0.1944,38.7,0.0,0.4871,1.0,0.0,0.0011,cookies,0,,7,0.005,-0.018,-0.017,,0,0,0,0,0,0,0
1,18,40.0,0.1776,0.9518,0.102,0.102,0.0482,-1.0,0.0088,0.0276,0.9121,-1.0,180.0,0.8978,5.0,0.0,0.0482,0.0343,0.2593,180.0,0.0,0.5,1.0,0.0,0.008,ramekin,0,,14,0.025,-0.006,-0.017,0.0,1,1,0,0,0,1,1
1,19,33.0,0.0274,0.9251,0.0931,0.0931,0.0142,-1.0,0.0145,0.0064,0.9117,-1.0,41.0,0.8978,3.0,0.0002,0.0148,0.0049,0.0829,41.0,0.0,0.5,1.0,0.0,0.0,ramekin,0,,9,0.006,-0.011,-0.022,0.0,1,1,0,1,1,1,1
1,2,38.0,0.035,0.9141,0.111,0.111,0.0351,-1.0,0.027,0.0061,0.9166,-1.0,51.7,0.8978,5.0,0.0,0.037,0.0011,0.0861,51.7,0.0,0.4417,1.0,0.0,0.0148,ramekin,0,,7,0.008,-0.016,-0.015,0.0035,2,1,0,1,1,1,1
1,20,150.0,0.4208,0.9651,0.1627,0.1627,0.0,-1.0,-1.0,-1.0,-1.0,-1.0,32.1,0.8978,22.0,0.0,0.0,0.167,0.0,0.0,0.0,0.5,0.0,0.0,0.0069,ramekin,0,,-1,,,,,0,0,0,0,0,0,0
1,21,38.0,0.126,0.9003,0.0928,0.0928,0.0275,-1.0,0.0056,0.0298,0.9121,-1.0,75.7,0.8978,12.0,0.0,0.03,0.0179,0.1949,75.7,0.0,0.5,1.0,0.0,0.0544,ramekin,0,,13,0.028,0.004,-0.028,0.0,1,1,0,0,0,1,1
1,22,107.0,0.0563,0.911,0.0755,0.0755,0.0248,-1.0,-1.0,-1.0,-1.0,-1.0,48.0,0.8978,11.0,0.0023,0.0249,0.0225,0.1177,42.4,0.0,0.5,1.0,1.0,0.0036,ramekin,0,,12,0.028,0.005,-0.033,,0,0,0,0,0,0,0
1,23,150.0,0.1113,0.9081,0.0962,0.0962,0.1778,-1.0,-1.0,-1.0,-1.0,-1.0,39.6,0.8978,32.0,0.0128,0.1778,0.0,0.0896,39.6,17.0,0.5,1.0,0.0,0.0053,cookies,0,,7,-0.003,-0.025,-0.019,,0,0,0,0,0,0,0
1,24,41.0,0.0686,0.9195,0.084,0.084,0.01,-1.0,0.0072,0.024,0.9122,-1.0,45.2,0.8978,7.0,0.0001,0.0148,0.0258,0.066,45.2,0.0,0.5,1.0,0.0,0.0,ramekin,0,,18,-0.03,-0.011,-0.023,0.0,1,1,0,0,0,1,1
1,25,43.0,0.0545,0.9129,0.1454,0.1454,0.0916,-1.0,0.0783,0.0407,0.9141,-1.0,28.8,0.8978,6.0,0.0,0.0925,0.0172,0.1133,28.8,0.0,0.5,1.0,0.0,0.0161,ramekin,0,,8,0.021,0.011,-0.011,0.0014,1,1,0,0,0,0,1
1,26,150.0,0.0886,0.9137,0.0912,0.0912,0.1083,-1.0,-1.0,-1.0,-1.0,-1.0,39.2,0.8978,8.0,0.0002,0.1083,0.0,0.0849,39.2,790.0,0.5,1.0,0.0,0.0,ramekin,0,,7,0.004,-0.02,-0.012,,0,0,0,0,0,0,0
1,27,28.0,0.0933,0.8981,0.0949,0.0949,0.0309,-1.0,0.0044,0.0124,0.9119,-1.0,47.9,0.8978,7.0,0.0,0.0309,0.0091,0.1302,47.9,0.0,0.5,1.0,0.0,0.0263,ramekin,0,,7,-0.005,-0.034,-0.017,0.0,1,1,0,1,1,1,1
1,28,27.0,0.0247,0.9118,0.0973,0.0973,0.0037,16.0,0.0039,0.0149,0.912,-1.0,41.0,0.8978,4.0,0.0001,0.0039,0.0,0.0808,41.0,0.0,0.5,1.0,0.0,0.0,ramekin,1,,7,0.005,-0.024,-0.013,0.0,0,1,0,0,1,1,1
1,29,30.0,0.0985,0.9398,0.1024,0.1024,0.0447,-1.0,0.0173,0.019,0.9119,-1.0,76.6,0.8978,5.0,0.0,0.0447,0.0045,0.149,76.6,0.0,0.5,1.0,0.0,0.0109,ramekin,0,,7,-0.002,-0.026,-0.019,0.0054,1,1,1,0,1,1,1
1,3,30.0,0.0627,0.912,0.0808,0.0808,0.0243,-1.0,0.0065,0.0176,0.9119,-1.0,72.1,0.8978,5.0,0.0001,0.0295,0.0001,0.1179,72.1,0.0,0.5,1.0,0.0,0.0,ramekin,0,,7,0.007,-0.017,-0.015,0.0,1,1,0,0,1,1,1
1,30,150.0,0.4616,0.9562,0.1088,0.1088,0.0,-1.0,-1.0,-1.0,-1.0,-1.0,21.8,0.8978,11.0,0.0,0.0,0.1965,0.0,0.0,0.0,0.5,0.0,0.0,0.0438,ramekin,0,,-1,,,,,0,0,0,0,0,0,0
1,31,29.0,0.0326,0.9105,0.0974,0.0974,0.0186,18.0,0.0184,0.0168,0.9119,-1.0,39.8,0.8978,2.0,0.0017,0.0184,0.0041,0.0726,39.8,0.0,0.5,1.0,0.0,0.0,ramekin,0,pmax=0.0184,7,0.003,-0.017,-0.013,0.0,0,1,0,0,1,1,1
1,32,30.0,0.0574,0.9119,0.091,0.091,0.0203,-1.0,0.006,0.011,0.9119,-1.0,39.5,0.8978,4.0,0.0005,0.0243,0.0125,0.0784,39.5,0.0,0.5,1.0,0.0,0.0,ramekin,0,,8,-0.002,-0.014,-0.018,0.0,1,1,0,1,1,1,1
1,33,150.0,0.3249,0.8978,0.1655,0.1655,0.0,-1.0,-1.0,-1.0,-1.0,-1.0,54.9,0.8978,22.0,0.0001,0.0,0.196,0.1157,54.9,0.0,0.5,1.0,0.0,0.0824,ramekin,0,,137,0.013,-0.003,-0.017,,0,0,0,0,0,0,0
1,34,29.0,0.01,0.9119,0.0967,0.0967,0.0033,-1.0,0.0027,0.0111,0.9139,-1.0,42.2,0.8978,5.0,0.0001,0.0033,0.0,0.0788,42.2,0.0,0.4862,1.0,0.0,0.0,distractor_bowl,0,,7,0.006,-0.017,-0.012,0.0005,1,1,0,1,1,1,1
1,35,150.0,0.1259,0.8981,0.1215,0.1215,0.204,-1.0,-1.0,-1.0,-1.0,-1.0,57.0,0.8978,31.0,0.0139,0.204,0.0174,0.1484,57.0,0.0,0.5,1.0,0.0,0.0217,cookies,0,,9,0.012,0.024,-0.011,,0,0,0,0,0,0,0
1,36,150.0,0.3748,1.0084,0.1298,0.1298,0.0,-1.0,-1.0,-1.0,-1.0,-1.0,15.2,0.8978,26.0,0.0,0.0,0.1239,0.0,0.0,0.0,0.5,0.0,0.0,0.0,ramekin,0,,-1,,,,,0,0,0,0,0,0,0
1,37,21.0,0.0196,0.9119,0.0902,0.0902,0.0037,17.0,0.0037,0.0196,0.9119,20.0,42.1,0.8978,3.0,0.0,0.0042,0.0027,0.0956,42.1,0.0,0.4773,1.0,0.0,0.0,ramekin,1,,8,0.015,-0.015,-0.022,0.0,0,1,0,0,1,1,1
1,38,89.0,0.0363,0.9073,0.1942,0.1942,0.0766,78.0,0.04,0.0494,0.906,-1.0,37.4,0.8978,12.0,0.0084,0.0428,0.2651,0.0526,0.0,0.0,0.5,1.0,0.0,0.0039,cookies,0,"pmax=0.0428,bpen=0.0084",58,-0.021,-0.038,-0.022,0.0011,1,1,0,0,0,0,1
1,39,150.0,0.1315,0.9027,0.0981,0.0981,0.2074,-1.0,-1.0,-1.0,-1.0,-1.0,40.5,0.8978,18.0,0.0042,0.2074,0.025,0.1124,40.5,521.0,0.5,1.0,0.0,0.0364,cookies,0,,11,0.022,0.014,-0.016,,0,0,0,0,0,0,0
1,4,28.0,0.0737,0.9082,0.1028,0.1028,0.0123,-1.0,0.0055,0.0128,0.9159,-1.0,44.2,0.8978,6.0,0.0002,0.0123,0.0045,0.0935,44.2,0.0,0.5,1.0,0.0,0.0308,ramekin,0,,7,-0.015,-0.025,-0.02,0.0009,1,1,0,1,1,1,1
1,40,36.0,0.0645,0.9093,0.1036,0.1036,0.0308,-1.0,0.0079,0.0211,0.9119,-1.0,40.0,0.8978,7.0,0.0006,0.0311,0.0,0.0734,40.0,0.0,0.5,1.0,0.0,0.0,distractor_bowl,0,,7,-0.003,-0.021,-0.014,0.0,2,1,0,0,0,1,1
1,41,150.0,0.4735,0.9614,0.0979,0.0979,0.0,-1.0,-1.0,-1.0,-1.0,-1.0,18.4,0.8978,5.0,0.0,0.0,0.2056,0.0,0.0,0.0,0.5,0.0,0.0,0.0029,ramekin,0,,-1,,,,,0,0,0,0,0,0,0
1,42,150.0,0.2232,0.8979,0.0157,0.0157,0.0,-1.0,-1.0,-1.0,-1.0,-1.0,35.6,0.8978,2.0,0.0,0.0,0.0066,0.5552,0.0,0.0,0.5,1.0,0.0,0.4403,ramekin,0,,7,0.013,-0.017,-0.015,,0,0,0,0,0,0,0
1,43,29.0,0.0079,0.9119,0.0893,0.0893,0.0071,25.0,0.0071,0.0079,0.9119,28.0,45.8,0.8978,5.0,0.0001,0.0071,0.0,0.0977,45.8,0.0,0.5,1.0,0.0,0.0003,ramekin,0,pmax=0.0071,7,-0.001,-0.025,-0.013,0.0017,1,1,0,1,1,1,1
1,44,31.0,0.0833,0.9098,0.0949,0.0949,0.0481,-1.0,0.0076,0.0229,0.9118,-1.0,65.6,0.8978,9.0,0.0001,0.0496,0.0043,0.1073,65.6,0.0,0.4732,1.0,0.0,0.0,ramekin,0,,7,0.006,-0.018,-0.013,0.0,1,1,0,0,0,1,1
1,45,40.0,0.0934,0.9015,0.0995,0.0995,0.0095,-1.0,0.0012,0.0276,0.9118,-1.0,39.4,0.8978,12.0,0.0001,0.0163,0.002,0.0976,39.4,0.0,0.5,1.0,0.0,0.0,ramekin,0,,8,0.01,0.012,-0.023,0.0,1,1,0,0,0,1,1
1,46,112.0,0.0212,0.9092,0.1022,0.1022,0.1306,-1.0,0.1274,0.0372,0.9093,-1.0,45.4,0.8978,23.0,0.0066,0.1306,0.0016,0.0972,45.4,0.0,0.5,1.0,0.0,0.0,ramekin,0,,8,0.015,-0.016,-0.022,0.011,1,1,1,0,0,0,1
1,47,51.0,0.0819,0.9047,0.0946,0.0946,0.0227,-1.0,0.0176,0.0388,0.9118,-1.0,45.6,0.8978,8.0,0.0002,0.0227,0.0098,0.1028,45.6,0.0,0.5,1.0,0.0,0.013,ramekin,0,,9,0.009,-0.021,-0.019,0.0008,2,1,1,0,0,0,1
1,48,40.0,0.0192,0.9264,0.0924,0.0924,0.0066,-1.0,0.0057,0.0131,0.912,-1.0,39.6,0.8978,9.0,0.0,0.0072,0.0431,0.1187,39.6,0.0,0.4071,1.0,0.0,0.0,ramekin,0,,16,0.029,-0.002,-0.022,0.0,1,1,0,0,1,1,1
1,49,36.0,0.0367,0.9118,0.1118,0.1118,0.0679,-1.0,0.0462,0.0125,0.9112,-1.0,34.3,0.8978,6.0,0.0011,0.0689,0.0241,0.0648,34.3,0.0,0.5,1.0,0.0,0.0152,ramekin,0,,10,-0.008,0.024,-0.015,0.0051,1,1,1,1,1,1,1
1,5,72.0,0.0121,0.9128,0.1389,0.1389,0.02,-1.0,0.0247,0.0232,0.9118,-1.0,54.9,0.8978,8.0,0.0001,0.025,0.0824,0.0952,54.9,0.0,0.5,1.0,0.0,0.0525,ramekin,0,,45,0.033,0.022,-0.031,0.0,1,1,0,0,0,1,1
1,50,43.0,0.0562,0.912,0.0913,0.0913,0.0317,-1.0,0.0203,0.0477,0.9064,-1.0,47.6,0.8978,5.0,0.0068,0.0317,0.0092,0.077,47.6,0.0,0.5,1.0,0.0,0.0254,ramekin,0,,7,-0.007,-0.034,-0.015,0.0035,1,1,0,0,0,0,1
1,6,29.0,0.0881,0.9432,0.0926,0.0926,0.0233,-1.0,0.0089,0.01,0.912,-1.0,60.1,0.8978,4.0,0.0004,0.0233,0.0,0.0867,60.1,0.0,0.5,1.0,0.0,0.0,cookies,0,,7,0.005,-0.017,-0.017,0.0,1,1,0,1,1,1,1
1,7,38.0,0.0655,0.9051,0.0952,0.0952,0.0173,-1.0,0.0082,0.0384,0.9133,-1.0,42.9,0.8978,9.0,0.0061,0.0219,0.0,0.0888,42.9,0.0,0.5,1.0,0.0,0.0002,ramekin,0,,7,0.001,-0.025,-0.013,0.0009,2,1,0,0,0,0,1
1,8,38.0,0.0717,0.9062,0.0726,0.0726,0.0285,-1.0,0.0058,0.0209,0.912,-1.0,54.5,0.8978,8.0,0.0,0.0285,0.0115,0.1773,54.5,0.0,0.5,1.0,0.0,0.0,ramekin,0,,9,0.015,0.015,-0.023,0.0,1,1,0,0,0,1,1
1,9,20.0,0.0182,0.912,0.0936,0.0936,0.0078,16.0,0.0078,0.0182,0.912,19.0,39.2,0.8978,3.0,0.0,0.0078,0.0,0.0827,39.2,0.0,0.5,1.0,0.0,0.0,ramekin,0,pmax=0.0078,7,0.004,-0.017,-0.015,0.0,0,1,0,0,1,1,1
2,1,27.0,0.0536,0.9143,0.0929,0.0929,0.0084,-1.0,0.0042,0.0386,0.9129,-1.0,21.0,0.8979,2.0,0.0,0.0084,0.0022,0.0742,21.0,0.0,0.5,1.0,0.0,0.0,distractor_bowl,0,,6,-0.007,0.017,-0.017,0.0019,1,1,0,0,0,0,1
2,10,150.0,0.0661,0.9205,0.121,0.121,0.1147,-1.0,-1.0,-1.0,-1.0,-1.0,37.4,0.8979,15.0,0.0,0.1148,0.0071,0.0753,37.4,0.0,0.5,1.0,0.0,0.0154,cookies,0,,6,-0.012,0.02,-0.02,,0,0,0,0,0,0,0
2,11,27.0,0.0586,0.9135,0.1227,0.1227,0.0132,-1.0,0.0064,0.0447,0.9139,-1.0,17.6,0.8979,3.0,0.0,0.0132,0.0042,0.0727,17.6,0.0,0.5,1.0,0.0,0.0,ramekin,0,,6,-0.012,0.02,-0.026,0.0029,1,1,0,0,0,0,1
2,12,28.0,0.0665,0.9104,0.1364,0.1364,0.0428,-1.0,0.034,0.0468,0.9123,-1.0,37.6,0.8979,4.0,0.0004,0.0428,0.0048,0.0996,37.6,0.0,0.5,1.0,0.0,0.0,ramekin,0,,6,-0.006,0.019,-0.015,0.0042,1,1,0,0,0,0,1
2,13,150.0,0.1449,0.9244,0.1114,0.1114,0.0933,-1.0,-1.0,-1.0,-1.0,-1.0,37.8,0.8979,20.0,0.0015,0.0933,0.0033,0.0824,37.8,0.0,0.5,1.0,0.0,0.0068,cookies,0,,6,-0.006,0.023,-0.013,,0,0,0,0,0,0,0
2,14,26.0,0.0452,0.9142,0.1158,0.1158,0.0209,15.0,0.0149,0.0434,0.9138,-1.0,21.5,0.8979,4.0,0.0006,0.0149,0.001,0.0722,18.2,0.0,0.5,1.0,0.0,0.0,distractor_bowl,0,pmax=0.0149,6,-0.014,0.016,-0.026,0.0043,0,1,0,0,0,0,1
2,15,28.0,0.0598,0.914,0.1229,0.1229,0.0299,-1.0,0.0229,0.0444,0.9146,-1.0,33.7,0.8979,3.0,0.0005,0.03,0.004,0.0828,33.7,0.0,0.5,1.0,0.0,0.0,ramekin,0,,6,-0.009,0.021,-0.015,0.0023,1,1,0,0,0,0,1
2,16,29.0,0.0704,0.9109,0.1149,0.1149,0.0301,-1.0,0.0206,0.0449,0.9132,-1.0,18.8,0.8979,5.0,0.0009,0.0301,0.003,0.0667,18.8,0.0,0.5,1.0,0.0,0.0,ramekin,0,,6,-0.012,0.017,-0.025,0.0038,1,1,0,0,0,0,1
2,17,73.0,0.0445,0.9142,0.133,0.133,0.0049,-1.0,-1.0,-1.0,-1.0,-1.0,31.0,0.8979,2.0,0.0011,0.005,0.0024,0.139,31.0,0.0,0.5,1.0,1.0,0.0,distractor_bowl,0,,6,-0.012,0.016,-0.026,,0,0,0,0,0,0,0
2,18,150.0,0.152,0.9145,0.1306,0.1306,0.1447,-1.0,-1.0,-1.0,-1.0,-1.0,28.9,0.8979,13.0,0.0012,0.1447,0.002,0.0849,28.9,0.0,0.5,1.0,0.0,0.0,ramekin,0,,6,-0.01,0.015,-0.015,,0,0,0,0,0,0,0
2,19,28.0,0.0627,0.9127,0.1131,0.1131,0.0175,-1.0,0.0129,0.0383,0.9141,-1.0,17.5,0.8979,3.0,0.0004,0.0175,0.0171,0.0795,17.5,0.0,0.5,1.0,0.0,0.0,distractor_bowl,0,,6,-0.008,0.032,-0.012,0.0013,1,1,0,0,0,0,1
2,2,29.0,0.036,0.9113,0.1391,0.1391,0.0012,18.0,0.0014,0.0387,0.9113,-1.0,31.7,0.8979,4.0,0.001,0.0015,0.007,0.0863,31.7,0.0,0.5,1.0,0.0,0.0,ramekin,1,,6,-0.012,0.019,-0.024,0.0,0,1,0,0,0,0,1
2,20,40.0,0.0592,0.9119,0.1158,0.1158,0.0211,-1.0,0.0189,0.0492,0.9139,-1.0,17.7,0.8978,4.0,0.0013,0.0211,0.0094,0.0825,16.0,0.0,0.5,1.0,0.0,0.0,ramekin,0,,6,-0.003,0.023,-0.014,0.0013,2,1,0,0,0,0,1
2,21,150.0,0.1347,0.9118,0.1331,0.1331,0.1302,-1.0,-1.0,-1.0,-1.0,-1.0,33.4,0.8979,10.0,0.0,0.1303,0.0034,0.0861,33.4,0.0,0.5,1.0,0.0,0.0233,cookies,0,,6,-0.011,0.019,-0.022,,0,0,0,0,0,0,0
2,22,150.0,0.0501,0.9019,0.1257,0.1257,0.1312,-1.0,-1.0,-1.0,-1.0,-1.0,32.3,0.8979,10.0,0.0138,0.132,0.0033,0.0692,18.1,6.0,0.5,1.0,0.0,0.0,cookies,0,,6,-0.014,0.017,-0.018,,0,0,0,0,0,0,0
2,23,150.0,0.1222,0.9115,0.1303,0.1303,0.0853,-1.0,-1.0,-1.0,-1.0,-1.0,36.6,0.8979,14.0,0.0,0.1426,0.002,0.0932,36.6,0.0,0.5,1.0,0.0,0.0253,cookies,0,,6,-0.009,0.016,-0.017,,0,0,0,0,0,0,0
2,24,31.0,0.0637,0.9136,0.1317,0.1317,0.014,-1.0,0.0053,0.0484,0.9121,-1.0,30.5,0.8979,7.0,0.0,0.0141,0.0027,0.0908,30.5,0.0,0.5,1.0,0.0,0.0,distractor_bowl,0,,6,-0.012,0.016,-0.023,0.0003,2,1,0,0,0,0,1
2,25,28.0,0.0578,0.9115,0.1211,0.1211,0.0233,-1.0,0.0209,0.0356,0.9137,-1.0,26.7,0.8979,3.0,0.0012,0.0233,0.0023,0.0714,26.7,0.0,0.5,1.0,0.0,0.0,distractor_bowl,0,,6,-0.007,0.016,-0.016,0.0022,1,1,0,0,0,0,1
2,26,28.0,0.0734,0.9118,0.1273,0.1273,0.0135,-1.0,0.0063,0.047,0.9131,-1.0,20.3,0.8979,3.0,0.0,0.0135,0.0031,0.0803,20.3,0.0,0.5,1.0,0.0,0.0,distractor_bowl,0,,6,-0.006,0.018,-0.013,0.0007,1,1,0,0,0,0,1
2,27,28.0,0.0818,0.9176,0.1224,0.1224,0.0161,-1.0,0.0038,0.0378,0.9163,-1.0,32.4,0.8979,6.0,0.0006,0.0161,0.005,0.1125,32.4,0.0,0.5,1.0,0.0,0.0,distractor_bowl,0,,6,-0.01,0.017,-0.024,0.0002,2,1,0,0,0,0,1
2,28,26.0,0.0957,0.913,0.131,0.131,0.0379,-1.0,0.0018,0.03,0.9158,-1.0,33.0,0.8978,4.0,0.0,0.0379,0.0054,0.0929,31.9,0.0,0.5,1.0,0.0,0.0,ramekin,0,,6,-0.005,0.018,-0.016,0.0003,1,1,0,0,0,0,1
2,29,26.0,0.0507,0.9152,0.125,0.125,0.0121,-1.0,0.0058,0.0458,0.9145,-1.0,20.0,0.8979,3.0,0.0,0.0121,0.0038,0.0762,20.0,0.0,0.5,1.0,0.0,0.0,distractor_bowl,0,,6,-0.018,0.018,-0.03,0.0037,1,1,0,0,0,0,1
2,3,150.0,0.0927,0.9116,0.1379,0.1379,0.0722,-1.0,-1.0,-1.0,-1.0,-1.0,37.5,0.8979,13.0,0.0011,0.0758,0.0011,0.0805,37.5,0.0,0.5,1.0,0.0,0.0,distractor_bowl,0,,6,-0.01,0.017,-0.015,,0,0,0,0,0,0,0
2,30,150.0,0.103,0.9126,0.1368,0.1368,0.0927,-1.0,-1.0,-1.0,-1.0,-1.0,36.3,0.8979,19.0,0.0,0.0927,0.0097,0.1051,36.3,0.0,0.5,1.0,0.0,0.0021,cookies,0,,6,-0.022,0.025,-0.031,,0,0,0,0,0,0,0
2,31,30.0,0.0692,0.9133,0.1085,0.1085,0.0206,-1.0,0.0169,0.0421,0.9143,-1.0,20.3,0.8979,4.0,0.0006,0.0206,0.0037,0.0704,19.1,0.0,0.5,1.0,0.0,0.0,distractor_bowl,0,,6,-0.005,0.02,-0.013,0.0015,1,1,0,0,0,0,1
2,32,30.0,0.0773,0.909,0.1292,0.1292,0.01,-1.0,0.0035,0.0481,0.9128,-1.0,35.2,0.8979,5.0,0.0011,0.0137,0.0043,0.0814,35.2,0.0,0.5,1.0,0.0,0.0,ramekin,0,,6,-0.009,0.018,-0.02,0.0016,1,1,0,0,0,0,1
2,33,150.0,0.112,0.8979,0.1271,0.1271,0.0033,-1.0,-1.0,-1.0,-1.0,-1.0,29.3,0.8979,4.0,0.0,0.0058,0.0052,0.1301,29.3,0.0,0.5,1.0,0.0,0.0,ramekin,0,,6,-0.021,0.018,-0.031,,0,0,0,0,0,0,0
2,34,30.0,0.0719,0.9136,0.122,0.122,0.022,-1.0,0.0132,0.045,0.9132,-1.0,20.3,0.8979,4.0,0.0011,0.022,0.0036,0.0751,20.3,0.0,0.5,1.0,0.0,0.0,distractor_bowl,0,,6,-0.01,0.018,-0.024,0.0009,1,1,0,0,0,0,1
2,35,31.0,0.0643,0.9114,0.1222,0.1222,0.0487,-1.0,0.0323,0.0464,0.9111,-1.0,28.0,0.8978,4.0,0.001,0.0491,0.015,0.0704,28.0,0.0,0.5,1.0,0.0,0.0,ramekin,0,,6,-0.009,0.031,-0.011,0.0005,1,1,0,0,0,0,1
2,36,88.0,0.0145,0.9032,0.1417,0.1417,0.2028,-1.0,0.2028,0.046,0.9124,-1.0,46.1,0.8979,18.0,0.0139,0.2034,0.0068,0.1,46.1,0.0,0.3236,1.0,0.0,0.0,distractor_bowl,0,,6,-0.011,0.019,-0.022,0.0013,1,1,0,0,0,0,1
2,37,150.0,0.152,0.9148,0.1259,0.1259,0.1389,-1.0,-1.0,-1.0,-1.0,-1.0,22.2,0.8979,9.0,0.0,0.1389,0.0026,0.0715,22.2,0.0,0.5,1.0,0.0,0.0,distractor_bowl,0,,6,-0.009,0.016,-0.023,,0,0,0,0,0,0,0
2,38,34.0,0.0843,0.9114,0.1215,0.1215,0.0245,-1.0,0.0099,0.0482,0.9138,-1.0,18.2,0.8979,5.0,0.0011,0.0245,0.0017,0.0704,18.2,0.0,0.5,1.0,0.0,0.0,distractor_bowl,0,,6,-0.011,0.016,-0.02,0.0026,2,1,0,0,0,0,1
2,39,150.0,0.115,0.9118,0.1181,0.1181,0.109,-1.0,-1.0,-1.0,-1.0,-1.0,33.1,0.8979,18.0,0.0005,0.109,0.0018,0.0746,33.1,0.0,0.5,1.0,0.0,0.0243,cookies,0,,6,-0.017,0.017,-0.027,,0,0,0,0,0,0,0
2,4,26.0,0.0561,0.9123,0.1311,0.1311,0.0103,-1.0,0.0074,0.043,0.9141,-1.0,29.4,0.8979,4.0,0.0,0.0103,0.0039,0.0788,29.4,0.0,0.5,1.0,0.0,0.0,distractor_bowl,0,,6,-0.01,0.017,-0.024,0.0012,1,1,0,0,0,0,1
2,40,150.0,0.1842,0.9047,0.1323,0.1323,0.2209,-1.0,-1.0,-1.0,-1.0,-1.0,35.0,0.8979,30.0,0.0119,0.2209,0.0187,0.0872,35.0,0.0,0.5,1.0,0.0,0.0184,ramekin,0,,6,-0.006,0.03,-0.034,,0,0,0,0,0,0,0
2,41,26.0,0.0273,0.9115,0.1362,0.1362,0.0219,15.0,0.0207,0.0282,0.9148,-1.0,28.5,0.8979,4.0,0.0004,0.0207,0.0003,0.0909,28.5,0.0,0.5,1.0,0.0,0.0,distractor_bowl,0,pmax=0.0207,6,-0.015,0.018,-0.026,0.0034,0,1,0,0,0,1,1
2,42,150.0,0.1101,0.9153,0.1337,0.1337,0.0757,-1.0,-1.0,-1.0,-1.0,-1.0,30.8,0.8979,11.0,0.0009,0.0757,0.0073,0.0931,30.8,0.0,0.5,1.0,0.0,0.0,distractor_bowl,0,,6,-0.011,0.021,-0.026,,0,0,0,0,0,0,0
2,43,34.0,0.0545,0.9126,0.095,0.095,0.0109,-1.0,0.0104,0.0477,0.9129,-1.0,18.7,0.8979,2.0,0.0011,0.0109,0.0024,0.0662,18.7,0.0,0.5,1.0,0.0,0.0,distractor_bowl,0,,6,-0.009,0.019,-0.015,0.0012,2,1,0,0,0,0,1
2,44,150.0,0.1593,0.9129,0.1346,0.1346,0.1354,-1.0,-1.0,-1.0,-1.0,-1.0,33.3,0.8979,10.0,0.0,0.1354,0.0079,0.0834,33.3,0.0,0.5,1.0,0.0,0.0,ramekin,0,,6,-0.012,0.021,-0.015,,0,0,0,0,0,0,0
2,45,25.0,0.0426,0.9118,0.1302,0.1302,0.0076,14.0,0.0022,0.0383,0.9137,-1.0,22.0,0.8979,4.0,0.0001,0.0076,0.0035,0.0812,20.3,0.0,0.5,1.0,0.0,0.0,distractor_bowl,1,,6,-0.018,0.019,-0.033,0.0027,0,1,0,0,0,0,1
2,46,31.0,0.0613,0.9128,0.1033,0.1033,0.0181,-1.0,0.0159,0.044,0.9143,-1.0,21.0,0.8979,3.0,0.0001,0.0181,0.0007,0.0802,21.0,0.0,0.5,1.0,0.0,0.0,ramekin,0,,6,-0.015,0.018,-0.025,0.0015,1,1,0,0,0,0,1
2,47,27.0,0.0673,0.9129,0.1249,0.1249,0.0098,-1.0,0.0046,0.0487,0.9149,-1.0,21.9,0.8979,4.0,0.0,0.0098,0.0021,0.073,21.9,0.0,0.5,1.0,0.0,0.0,cookies,0,,6,-0.016,0.015,-0.027,0.0024,1,1,0,0,0,0,1
2,48,31.0,0.043,0.9156,0.1196,0.1196,0.0303,20.0,0.0289,0.0248,0.9124,-1.0,24.7,0.8979,3.0,0.0027,0.0289,0.0058,0.0774,13.6,0.0,0.5,1.0,0.0,0.0,distractor_bowl,0,pmax=0.0289,6,-0.012,0.019,-0.015,0.0011,0,1,0,0,0,1,1
2,49,29.0,0.0784,0.9173,0.1206,0.1206,0.0462,-1.0,0.0136,0.043,0.9147,-1.0,19.6,0.8978,3.0,0.0,0.0462,0.0114,0.0783,19.6,0.0,0.5,1.0,0.0,0.0,distractor_bowl,0,,6,-0.004,0.024,-0.014,0.0029,1,1,0,0,0,0,1
2,5,28.0,0.0828,0.9093,0.1339,0.1339,0.0155,-1.0,0.0018,0.0479,0.9127,-1.0,31.4,0.8979,6.0,0.0,0.0155,0.0012,0.0864,31.4,0.0,0.5,1.0,0.0,0.0,ramekin,0,,6,-0.016,0.016,-0.027,0.0003,1,1,0,0,0,0,1
2,50,27.0,0.0686,0.9129,0.1328,0.1328,0.0175,-1.0,0.0058,0.0454,0.9155,-1.0,22.4,0.8979,4.0,0.0,0.0175,0.0028,0.0713,22.4,0.0,0.5,1.0,0.0,0.0,ramekin,0,,6,-0.01,0.016,-0.024,0.002,1,1,0,0,0,0,1
2,6,30.0,0.0514,0.9138,0.1145,0.1145,0.0149,-1.0,0.0149,0.0505,0.9143,-1.0,16.5,0.8979,3.0,0.0009,0.015,0.0022,0.0799,15.8,0.0,0.5,1.0,0.0,0.0,ramekin,0,,6,-0.004,0.016,-0.016,0.0026,1,1,1,0,0,0,0
2,7,46.0,0.0956,0.9103,0.1077,0.1077,0.0676,-1.0,0.0587,0.0467,0.9111,-1.0,29.4,0.8979,7.0,0.0039,0.0676,0.0087,0.0686,19.7,0.0,0.5,1.0,0.0,0.0109,cookies,0,,6,-0.006,0.023,-0.015,0.0014,2,1,0,0,0,0,1
2,8,25.0,0.0521,0.9139,0.1286,0.1286,0.0171,-1.0,0.0046,0.0488,0.9149,-1.0,20.1,0.8979,5.0,0.0006,0.0171,0.0011,0.0722,20.1,0.0,0.5,1.0,0.0,0.0,ramekin,0,,6,-0.011,0.017,-0.025,0.0006,1,1,0,0,0,0,1
2,9,33.0,0.0367,0.9115,0.1341,0.1341,0.0195,-1.0,0.0026,0.0496,0.9116,-1.0,37.7,0.8979,9.0,0.0008,0.0195,0.0045,0.0994,37.7,0.0,0.5,1.0,0.0,0.0,ramekin,0,,6,-0.015,0.019,-0.028,0.0004,1,1,1,0,0,0,1
3,1,25.0,0.0721,0.9253,0.0567,0.0567,0.0226,-1.0,0.0213,0.0261,0.9119,-1.0,63.3,0.911,6.0,0.0086,0.025,0.0197,0.1041,46.9,0.0,0.5,1.0,0.0,0.0035,cookies,0,,7,-0.045,0.044,-0.076,0.0,1,1,0,0,0,1,1
3,10,27.0,0.0519,0.9113,0.0565,0.0565,0.0258,-1.0,0.0308,0.0281,0.9118,-1.0,62.3,0.9113,7.0,0.0006,0.0319,0.0228,0.1,20.4,0.0,0.5,1.0,0.0,0.0048,cookies,0,,7,-0.044,0.046,-0.076,0.0,1,1,0,0,0,1,1
3,11,150.0,0.189,0.9001,0.0322,0.0322,0.5637,-1.0,-1.0,-1.0,-1.0,-1.0,63.1,0.8979,6.0,0.0217,0.5638,0.0163,0.2688,33.9,0.0,0.5,1.0,0.0,0.1559,ramekin,0,,7,-0.05,0.039,-0.075,,0,0,0,0,0,0,0
3,12,30.0,0.0422,0.9116,0.0748,0.0748,0.0279,19.0,0.0096,0.0355,0.9114,-1.0,26.2,0.9108,6.0,0.0011,0.0165,0.0004,0.0778,14.7,0.0,0.5,1.0,0.0,0.0001,cookies,0,pmax=0.0165,6,-0.034,0.019,-0.017,0.0019,0,1,0,0,0,0,1
3,13,150.0,0.141,0.9118,0.0835,0.0835,0.1408,-1.0,-1.0,-1.0,-1.0,-1.0,25.3,0.9104,34.0,0.0091,0.1553,0.0017,0.0767,16.4,0.0,0.5,1.0,0.0,0.0013,cookies,0,,6,-0.038,0.023,-0.019,,0,0,0,0,0,0,0
3,14,27.0,0.0501,0.9209,0.0626,0.0626,0.0233,-1.0,0.0197,0.0188,0.912,-1.0,64.9,0.912,7.0,0.0028,0.0233,0.02,0.1095,49.7,0.0,0.5,1.0,0.0,0.0028,cookies,0,,7,-0.044,0.047,-0.076,0.0,1,1,0,0,1,1,1
3,15,34.0,0.0285,0.9121,0.0708,0.0708,0.0124,-1.0,0.0154,0.0216,0.9121,-1.0,52.2,0.9119,5.0,0.0,0.0224,0.0014,0.0774,52.2,0.0,0.2825,1.0,0.0,0.0038,cookies,0,,6,-0.037,0.024,-0.015,0.0,2,1,0,0,0,1,1
3,16,29.0,0.0473,0.914,0.0596,0.0596,0.0094,-1.0,0.0059,0.0261,0.9115,-1.0,61.7,0.9108,5.0,0.0068,0.0186,0.0278,0.1285,53.7,0.0,0.5,1.0,0.0,0.0005,cookies,0,,7,-0.043,0.048,-0.074,0.0,1,1,0,0,0,1,1
3,17,19.0,0.0107,0.9118,0.0668,0.0668,0.0044,13.0,0.0044,0.0063,0.9119,18.0,23.1,0.9118,3.0,0.0001,0.0044,0.0016,0.0796,4.6,0.0,0.5,1.0,0.0,0.0001,cookies,1,,6,-0.035,0.022,-0.018,0.0,0,1,0,1,1,1,1
3,18,25.0,0.0997,0.9051,0.0821,0.0821,0.0202,-1.0,0.0158,0.0052,0.913,-1.0,50.4,0.9051,7.0,0.0144,0.0202,0.0219,0.1543,27.4,0.0,0.4953,1.0,0.0,0.0017,cookies,0,,7,-0.041,0.042,-0.068,0.0,1,1,1,1,1,1,1
3,19,150.0,0.0584,0.9073,0.0563,0.0563,0.0836,-1.0,-1.0,-1.0,-1.0,-1.0,63.4,0.9021,42.0,0.017,0.087,0.0194,0.1194,49.9,0.0,0.5,1.0,0.0,0.0002,cookies,0,,7,-0.048,0.045,-0.074,,0,0,0,0,0,0,0
3,2,27.0,0.1415,0.9094,0.0749,0.0749,0.0169,-1.0,0.0344,0.0273,0.912,-1.0,57.7,0.9094,5.0,0.0102,0.0344,0.0123,0.1631,16.6,0.0,0.3998,1.0,0.0,0.0021,cookies,0,,7,-0.046,0.035,-0.07,0.0,1,1,0,0,0,1,1
3,20,26.0,0.068,0.9138,0.0785,0.0785,0.0199,-1.0,0.0149,0.0229,0.9181,-1.0,75.8,0.9119,5.0,0.0057,0.0276,0.0234,0.1043,35.0,0.0,0.5,1.0,0.0,0.0004,cookies,0,,7,-0.045,0.045,-0.069,0.0,1,1,1,0,0,1,1
3,21,150.0,0.1651,0.9196,0.0288,0.0288,0.1539,-1.0,-1.0,-1.0,-1.0,-1.0,63.2,0.9195,2.0,0.0,0.1539,0.0198,0.2802,0.0,0.0,0.5,1.0,0.0,0.1098,ramekin,0,,7,-0.045,0.042,-0.075,,0,0,0,0,0,0,0
3,22,150.0,0.2177,0.9153,0.0264,0.0264,0.0313,-1.0,-1.0,-1.0,-1.0,-1.0,66.4,0.9153,3.0,0.0042,0.0313,0.0155,0.2972,0.0,0.0,0.5,1.0,0.0,0.0062,cookies,0,,7,-0.048,0.038,-0.074,,0,0,0,0,0,0,0
3,23,39.0,0.0582,0.917,0.0755,0.0755,0.0251,-1.0,0.017,0.0468,0.9112,-1.0,60.3,0.9109,6.0,0.0087,0.0315,0.0124,0.0961,52.1,0.0,0.5,1.0,0.0,0.0009,cookies,0,,7,-0.044,0.038,-0.07,0.0,2,1,0,0,0,0,1
3,24,32.0,0.0422,0.9117,0.062,0.062,0.0392,-1.0,0.0286,0.0436,0.9106,-1.0,59.5,0.9106,12.0,0.0013,0.0392,0.0217,0.1051,5.8,0.0,0.5,1.0,0.0,0.0042,cookies,0,,7,-0.045,0.045,-0.074,0.0001,1,1,0,0,0,0,1
3,25,40.0,0.0345,0.9249,0.0599,0.0599,0.0209,-1.0,0.021,0.0189,0.9122,-1.0,59.3,0.912,8.0,0.0,0.0217,0.0116,0.1191,16.5,0.0,0.3106,1.0,0.0,0.0033,cookies,0,,7,-0.045,0.041,-0.073,0.0,3,1,0,0,1,1,1
3,26,26.0,0.0424,0.9227,0.0725,0.0725,0.0147,-1.0,0.0183,0.0089,0.9119,-1.0,65.2,0.9118,6.0,0.0002,0.0183,0.0199,0.1031,52.4,0.0,0.5,1.0,0.0,0.0019,cookies,0,,7,-0.044,0.045,-0.076,0.0,1,1,0,1,1,1,1
3,27,69.0,0.0283,0.9118,0.0569,0.0569,0.064,61.0,0.0631,0.0341,0.9118,68.0,64.0,0.9086,15.0,0.0109,0.0792,0.0208,0.1284,49.8,0.0,0.5,1.0,0.0,0.0073,cookies,0,dist=0.0073(cookies,7,-0.044,0.047,-0.076,0.0054,0,1,1,0,0,0,1
3,28,29.0,0.0307,0.9137,0.0722,0.0722,0.0272,-1.0,0.0283,0.0377,0.9115,-1.0,57.6,0.9106,6.0,0.006,0.0283,0.012,0.0956,13.4,0.0,0.5,1.0,0.0,0.0025,cookies,0,,7,-0.045,0.036,-0.07,0.0,1,1,0,0,0,0,1
3,29,41.0,0.037,0.9111,0.0726,0.0726,0.004,30.0,0.0051,0.0315,0.9116,-1.0,61.2,0.9069,9.0,0.0123,0.023,0.0244,0.095,30.9,0.0,0.5,1.0,0.0,0.0009,cookies,0,"pmax=0.0230,bpen=0.0123",7,-0.044,0.047,-0.074,0.0006,0,1,0,0,0,0,1
3,3,37.0,0.0474,0.9111,0.0665,0.0665,0.0173,26.0,0.0205,0.0372,0.9112,-1.0,57.8,0.9108,9.0,0.0011,0.0411,0.0134,0.098,14.0,0.0,0.5,1.0,0.0,0.0055,cookies,0,dist=0.0055(cookies,7,-0.045,0.036,-0.07,0.0016,0,1,0,0,0,0,1
3,30,30.0,0.0356,0.9118,0.0699,0.0699,0.0173,19.0,0.0416,0.0347,0.9105,-1.0,26.4,0.9105,4.0,0.0014,0.0449,0.0021,0.0913,13.5,0.0,0.5,1.0,0.0,0.0004,cookies,0,pmax=0.0449,6,-0.041,0.023,-0.016,0.0,0,1,0,0,0,0,1
3,31,25.0,0.0173,0.9122,0.055,0.055,0.0032,16.0,0.0032,0.0176,0.9117,-1.0,64.2,0.9117,3.0,0.0002,0.0032,0.0205,0.1253,52.1,0.0,0.5,1.0,1.0,0.0044,cookies,1,,7,-0.043,0.045,-0.076,0.0,0,1,0,0,1,1,1
3,32,37.0,0.0468,0.9129,0.0699,0.0699,0.0241,-1.0,0.0274,0.0456,0.913,-1.0,62.5,0.9107,6.0,0.0046,0.0315,0.0277,0.0929,26.3,0.0,0.5,1.0,0.0,0.0008,cookies,0,,7,-0.042,0.049,-0.074,0.0012,1,1,0,0,0,0,1
3,33,34.0,0.0453,0.9112,0.0425,0.0425,0.017,23.0,0.0044,0.0409,0.9117,-1.0,60.1,0.9106,6.0,0.0014,0.0166,0.0118,0.1281,60.1,0.0,0.5,1.0,0.0,0.0009,cookies,0,pmax=0.0166,7,-0.045,0.037,-0.071,0.0008,0,1,0,0,0,0,1
3,34,150.0,0.1747,0.9021,0.0255,0.0255,0.0497,-1.0,-1.0,-1.0,-1.0,-1.0,62.2,0.9021,3.0,0.0174,0.0523,0.0227,0.227,0.0,0.0,0.4985,1.0,0.0,0.0008,cookies,0,,7,-0.044,0.047,-0.076,,0,0,0,0,0,0,0
3,35,17.0,0.0143,0.9117,0.068,0.068,0.0001,12.0,0.0001,0.0144,0.9118,16.0,42.3,0.9117,2.0,0.0002,0.0001,0.002,0.082,4.2,0.0,0.5,1.0,0.0,0.0039,cookies,1,,6,-0.04,0.024,-0.016,0.0001,0,1,0,0,1,1,1
3,36,26.0,0.0279,0.912,0.0528,0.0528,0.0334,-1.0,0.033,0.0312,0.9119,-1.0,66.9,0.9119,6.0,0.0,0.0334,0.0127,0.113,66.9,0.0,0.5,1.0,0.0,0.0009,cookies,0,,7,-0.046,0.04,-0.073,0.0,1,1,0,0,0,0,1
3,37,26.0,0.0329,0.9316,0.0581,0.0581,0.0277,-1.0,0.0286,0.0283,0.9119,-1.0,64.4,0.9112,4.0,0.0008,0.0286,0.0262,0.1005,13.7,0.0,0.5,1.0,0.0,0.0023,cookies,0,,7,-0.041,0.05,-0.077,0.0,1,1,0,0,0,1,1
3,38,26.0,0.0106,0.9113,0.0807,0.0807,0.0241,19.0,0.0241,0.014,0.9115,25.0,27.7,0.9113,4.0,0.0006,0.0259,0.0012,0.0801,14.9,0.0,0.5,1.0,0.0,0.0,cookies,0,pmax=0.0259,6,-0.039,0.027,-0.019,0.0,0,1,0,0,1,1,1
3,39,36.0,0.0225,0.9117,0.0264,0.0264,0.0008,25.0,0.0123,0.0478,0.9113,35.0,64.0,0.9109,7.0,0.0047,0.0193,0.0241,0.1259,0.0,0.0,0.5,1.0,0.0,0.0015,cookies,0,"pmax=0.0193,bpen=0.0047",7,-0.043,0.048,-0.077,0.0001,0,1,0,0,0,0,1
3,4,37.0,0.0588,0.9121,0.0524,0.0524,0.0183,-1.0,-1.0,-1.0,-1.0,-1.0,62.5,0.9121,5.0,0.0071,0.0399,0.019,0.1318,61.5,0.0,0.5,1.0,1.0,0.0036,cookies,0,,7,-0.044,0.044,-0.075,,0,0,0,0,0,0,0
3,40,69.0,0.0558,0.9111,0.0573,0.0573,0.0396,-1.0,-1.0,-1.0,-1.0,-1.0,62.6,0.9107,12.0,0.0012,0.0472,0.022,0.1359,31.1,0.0,0.5,1.0,1.0,0.0042,cookies,0,,7,-0.044,0.048,-0.076,,0,0,0,0,0,0,0
3,41,40.0,0.0345,0.9114,0.0353,0.0353,0.0075,29.0,0.0049,0.0386,0.9112,-1.0,66.9,0.911,12.0,0.0009,0.0144,0.0225,0.1275,47.8,0.0,0.5,1.0,0.0,0.0011,cookies,0,pmax=0.0144,7,-0.042,0.05,-0.077,0.0,1,1,0,0,0,0,1
3,42,150.0,0.1335,0.912,0.0817,0.0817,0.1511,-1.0,-1.0,-1.0,-1.0,-1.0,55.8,0.91,33.0,0.0096,0.1511,0.002,0.0889,55.8,0.0,0.5,1.0,0.0,0.0,cookies,0,,6,-0.038,0.023,-0.019,,0,0,0,0,0,0,0
3,43,24.0,0.0133,0.9118,0.0567,0.0567,0.0005,15.0,0.0005,0.0133,0.9118,-1.0,61.3,0.9118,5.0,0.0001,0.0005,0.0206,0.112,5.0,0.0,0.5,1.0,1.0,0.0029,cookies,1,,7,-0.043,0.047,-0.076,0.0,0,1,0,0,1,1,1
3,44,25.0,0.0344,0.9259,0.0616,0.0616,0.0104,-1.0,0.011,0.0111,0.9118,-1.0,62.7,0.9115,4.0,0.0004,0.011,0.0183,0.1047,46.6,0.0,0.5,1.0,0.0,0.003,cookies,0,,7,-0.044,0.043,-0.075,0.0,1,1,0,1,1,1,1
3,45,35.0,0.0526,0.9138,0.0579,0.0579,0.0432,-1.0,0.0435,0.0333,0.9112,-1.0,65.2,0.9107,6.0,0.0029,0.0485,0.024,0.1079,6.4,0.0,0.5,1.0,0.0,0.002,cookies,0,,7,-0.042,0.05,-0.077,0.0,1,1,0,0,0,0,1
3,46,22.0,0.0491,0.9245,0.0473,0.0473,0.0037,-1.0,0.0,0.023,0.9119,-1.0,45.3,0.9112,3.0,0.0007,0.0037,0.0006,0.0887,17.7,0.0,0.5,1.0,0.0,0.0031,cookies,0,,6,-0.041,0.023,-0.022,0.0,1,1,0,0,0,1,1
3,47,119.0,0.0566,0.9118,0.0703,0.0703,0.0618,-1.0,0.0243,0.0459,0.9135,-1.0,33.4,0.9105,17.0,0.0091,0.0642,0.0003,0.0797,24.4,0.0,0.5,1.0,1.0,0.0014,cookies,0,,6,-0.036,0.017,-0.018,0.0107,0,0,1,0,0,0,1
3,48,40.0,0.051,0.9111,0.0585,0.0585,0.0273,-1.0,0.0162,0.0396,0.9113,-1.0,62.0,0.9107,8.0,0.0012,0.0273,0.0208,0.1021,4.6,0.0,0.5,1.0,0.0,0.0027,cookies,0,,7,-0.042,0.048,-0.076,0.0,2,1,0,0,0,0,1
3,49,25.0,0.088,0.9111,0.0653,0.0653,0.0028,-1.0,0.0073,0.0094,0.9119,-1.0,86.9,0.9111,5.0,0.0084,0.0117,0.0001,0.0819,86.9,0.0,0.5,1.0,0.0,0.0009,cookies,0,,6,-0.042,0.03,-0.013,0.0003,1,1,0,1,1,1,1
3,5,24.0,0.2871,0.8981,0.077,0.077,0.1213,-1.0,0.0224,0.0112,0.912,-1.0,53.0,0.8981,4.0,0.0214,0.1213,0.001,0.296,53.0,0.0,0.498,1.0,0.0,0.005,cookies,0,,6,-0.038,0.024,-0.013,0.0,1,1,0,1,1,1,1
3,50,25.0,0.0415,0.9118,0.0835,0.0835,0.0428,14.0,0.0184,0.0337,0.911,-1.0,21.5,0.9107,6.0,0.0012,0.0255,0.0015,0.0873,21.5,0.0,0.5,1.0,0.0,0.0002,cookies,0,pmax=0.0255,6,-0.039,0.023,-0.016,0.0,0,1,0,0,0,0,1
3,6,28.0,0.0457,0.9223,0.0735,0.0735,0.0091,-1.0,0.01,0.011,0.9118,-1.0,61.4,0.9101,5.0,0.0018,0.0124,0.0233,0.1127,47.4,0.0,0.5,1.0,0.0,0.0027,cookies,0,,7,-0.045,0.045,-0.071,0.0,1,1,0,1,1,1,1
3,7,34.0,0.0099,0.9116,0.0511,0.0511,0.0253,28.0,0.0253,0.008,0.9117,33.0,65.3,0.9113,7.0,0.0006,0.0253,0.0252,0.1369,56.0,0.0,0.5,1.0,0.0,0.0081,cookies,0,dist=0.0081(cookies,7,-0.041,0.052,-0.077,0.0,0,1,0,1,1,1,1
3,8,150.0,0.169,0.9179,0.0169,0.0169,0.0015,-1.0,-1.0,-1.0,-1.0,-1.0,44.5,0.9179,2.0,0.0016,0.0448,0.0012,0.2087,0.0,0.0,0.5,1.0,0.0,0.0004,cookies,0,,6,-0.043,0.025,-0.015,,0,0,0,0,0,0,0
3,9,30.0,0.0264,0.9122,0.0646,0.0646,0.0399,25.0,0.0361,0.0219,0.9122,29.0,59.6,0.912,6.0,0.0,0.0361,0.0107,0.0955,12.5,0.0,0.5,1.0,0.0,0.0009,cookies,0,pmax=0.0361,7,-0.048,0.034,-0.071,0.0,1,1,1,0,0,1,1
4,1,350.0,0.5032,1.0626,0.0335,0.0335,0.0592,-1.0,-1.0,-1.0,-1.0,-1.0,60.9,1.0624,4.0,0.0001,0.0623,0.0198,0.5022,0.0,0.0,0.5,1.0,0.0,0.1067,distractor_bowl,0,,49,-0.071,-0.006,-0.057,,0,0,0,0,0,0,0
4,10,350.0,0.4863,1.0626,0.0055,0.0055,0.0481,-1.0,-1.0,-1.0,-1.0,-1.0,13.6,1.0624,1.0,0.0001,0.0481,0.0255,0.5844,0.0,0.0,0.4976,1.0,0.0,0.2163,ramekin,0,,39,-0.08,-0.022,-0.015,,0,0,0,0,0,0,0
4,11,350.0,0.3138,1.0707,0.019,0.019,0.0,-1.0,-1.0,-1.0,-1.0,-1.0,35.9,1.0623,35.0,0.0002,0.0,0.1074,0.0353,0.0,0.0,0.5,1.0,0.0,0.1067,distractor_bowl,0,,156,-0.007,-0.026,-0.012,,0,0,0,0,0,0,0
4,12,350.0,0.3515,1.0626,0.0403,0.0403,0.0214,-1.0,-1.0,-1.0,-1.0,-1.0,73.9,1.0624,3.0,0.0001,0.0214,0.1332,0.4074,73.9,0.0,0.5,1.0,0.0,0.1067,distractor_bowl,0,,72,-0.048,0.017,-0.044,,0,0,0,0,0,0,0
4,13,350.0,0.5093,1.0626,0.0006,0.0006,0.0653,-1.0,-1.0,-1.0,-1.0,-1.0,1.3,1.0624,0.0,0.0001,0.0748,0.0547,0.5619,0.0,0.0,0.5,1.0,0.0,0.1067,distractor_bowl,0,,33,-0.018,0.006,-0.024,,0,0,0,0,0,0,0
4,14,350.0,0.3009,1.0649,0.0154,0.0154,0.0,-1.0,-1.0,-1.0,-1.0,-1.0,22.2,1.0624,44.0,0.0001,0.0,0.1174,0.0257,0.0,0.0,0.5,1.0,0.0,0.1067,distractor_bowl,0,,138,-0.008,-0.021,-0.017,,0,0,0,0,0,0,0
4,15,350.0,0.4663,1.0643,0.0287,0.0287,0.0,-1.0,-1.0,-1.0,-1.0,-1.0,53.5,1.0624,3.0,0.0001,0.0,0.024,0.2592,53.5,1903.0,0.5,1.0,0.0,0.0344,distractor_bowl,0,,31,-0.077,-0.022,-0.017,,0,0,0,0,0,0,0
4,16,350.0,0.3524,1.0639,0.0046,0.0046,0.0,-1.0,-1.0,-1.0,-1.0,-1.0,11.6,1.0624,0.0,0.0001,0.0,0.1362,0.0,0.0,0.0,0.5,0.0,0.0,0.1067,distractor_bowl,0,,-1,,,,,0,0,0,0,0,0,0
4,17,350.0,0.4622,1.0659,0.0647,0.0647,0.0138,-1.0,-1.0,-1.0,-1.0,-1.0,37.3,1.0624,3.0,0.0001,0.0138,0.0485,0.4151,37.3,0.0,0.5,1.0,0.0,0.1067,distractor_bowl,0,,31,-0.025,0.033,-0.016,,0,0,0,0,0,0,0
4,18,350.0,0.4955,1.0626,0.0,0.0,0.1741,-1.0,-1.0,-1.0,-1.0,-1.0,0.0,1.0624,0.0,0.0001,0.1988,0.1643,0.4553,0.0,0.0,0.4869,1.0,0.0,0.1067,distractor_bowl,0,,49,0.025,0.146,-0.017,,0,0,0,0,0,0,0
4,19,350.0,0.378,1.0625,0.0709,0.0709,0.0,-1.0,-1.0,-1.0,-1.0,-1.0,62.9,1.0624,11.0,0.0001,0.0,0.0176,0.1851,62.9,1.0,0.5,1.0,0.0,0.1067,distractor_bowl,0,,41,-0.041,-0.011,-0.017,,0,0,0,0,0,0,0
4,2,350.0,0.4581,1.0662,0.0173,0.0173,0.0,-1.0,-1.0,-1.0,-1.0,-1.0,37.7,1.0624,1.0,0.0001,0.0,0.0192,0.2323,0.0,1318.0,0.4781,1.0,0.0,0.0568,distractor_bowl,0,,26,-0.075,-0.003,-0.018,,0,0,0,0,0,0,0
4,20,350.0,0.4628,1.0626,0.0107,0.0107,0.0,-1.0,-1.0,-1.0,-1.0,-1.0,15.1,1.0624,3.0,0.0001,0.0,0.0505,0.7108,0.0,0.0,0.5,1.0,0.0,0.253,ramekin,0,,28,0.014,0.028,-0.023,,0,0,0,0,0,0,0
4,21,350.0,0.1406,0.9002,0.0857,0.0857,0.1253,-1.0,-1.0,-1.0,-1.0,-1.0,48.0,0.8979,28.0,0.1647,0.127,0.0592,0.1358,45.9,0.0,0.5,1.0,0.0,0.1067,distractor_bowl,0,,27,-0.043,0.04,-0.025,,0,0,0,0,0,0,0
4,22,350.0,0.5103,1.0626,0.0012,0.0012,0.0,-1.0,-1.0,-1.0,-1.0,-1.0,3.0,1.0624,0.0,0.0001,0.0,0.0016,0.7212,0.0,0.0,0.5,1.0,0.0,0.2231,ramekin,0,,25,-0.072,0.004,-0.011,,0,0,0,0,0,0,0
4,23,350.0,0.507,1.0626,0.0197,0.0197,0.0703,-1.0,-1.0,-1.0,-1.0,-1.0,41.6,1.0624,2.0,0.0001,0.0703,0.0167,0.682,0.0,0.0,0.5,1.0,0.0,0.2054,ramekin,0,,42,-0.086,-0.005,-0.031,,0,0,0,0,0,0,0
4,24,350.0,0.4688,1.0626,0.0078,0.0078,0.0232,-1.0,-1.0,-1.0,-1.0,-1.0,20.1,1.0624,2.0,0.0001,0.0257,0.0008,0.4317,0.0,0.0,0.5,1.0,0.0,0.1067,distractor_bowl,0,,32,-0.081,0.0,-0.017,,0,0,0,0,0,0,0
4,25,350.0,0.3614,1.0686,0.0138,0.0138,0.0,-1.0,-1.0,-1.0,-1.0,-1.0,29.5,1.0623,5.0,0.0002,0.0,0.074,0.0,0.0,0.0,0.5,0.0,0.0,0.1067,distractor_bowl,0,,-1,,,,,0,0,0,0,0,0,0
4,26,350.0,0.4593,1.0626,0.0158,0.0158,0.0,-1.0,-1.0,-1.0,-1.0,-1.0,36.7,1.0624,4.0,0.0001,0.0,0.01,0.1844,0.0,0.0,0.5,1.0,0.0,0.1067,distractor_bowl,0,,56,-0.076,0.02,-0.03,,0,0,0,0,0,0,0
4,27,350.0,0.3569,1.0624,0.0164,0.0164,0.0,-1.0,-1.0,-1.0,-1.0,-1.0,37.0,1.0624,2.0,0.0001,0.0,0.0026,0.211,0.0,0.0,0.5,1.0,0.0,0.1067,distractor_bowl,0,,31,-0.074,0.011,-0.03,,0,0,0,0,0,0,0
4,28,350.0,0.1338,0.8997,0.0824,0.0824,0.0875,-1.0,-1.0,-1.0,-1.0,-1.0,36.1,0.898,30.0,0.1646,0.1113,0.0203,0.186,19.4,0.0,0.5,1.0,0.0,0.1067,distractor_bowl,0,,33,-0.08,-0.02,-0.023,,0,0,0,0,0,0,0
4,29,350.0,0.3158,1.0749,0.0215,0.0215,0.0,-1.0,-1.0,-1.0,-1.0,-1.0,39.8,1.0624,43.0,0.0001,0.0,0.1102,0.0303,35.6,0.0,0.5,1.0,0.0,0.1067,distractor_bowl,0,,206,-0.006,-0.007,-0.019,,0,0,0,0,0,0,0
4,3,350.0,0.5251,1.0646,0.031,0.031,0.0,-1.0,-1.0,-1.0,-1.0,-1.0,57.8,1.0624,7.0,0.0001,0.0,0.1127,0.2912,19.7,1956.0,0.5,1.0,0.0,0.0328,distractor_bowl,0,,61,-0.041,-0.051,-0.025,,0,0,0,0,0,0,0
4,30,350.0,0.4973,1.0626,0.0052,0.0052,0.0,-1.0,-1.0,-1.0,-1.0,-1.0,10.1,1.0624,2.0,0.0001,0.0,0.0212,0.4411,0.0,8.0,0.5,1.0,0.0,0.1066,distractor_bowl,0,,39,-0.071,-0.003,-0.013,,0,0,0,0,0,0,0
4,31,350.0,0.4952,1.0626,0.0817,0.0817,0.02,-1.0,-1.0,-1.0,-1.0,-1.0,107.1,1.0624,3.0,0.0001,0.02,0.0132,0.4548,107.1,0.0,0.5,1.0,0.0,0.1068,distractor_bowl,0,,41,-0.0,-0.011,-0.03,,0,0,0,0,0,0,0
4,32,350.0,0.5177,1.0626,0.0071,0.0071,0.0,-1.0,-1.0,-1.0,-1.0,-1.0,8.4,1.0624,2.0,0.0001,0.0,0.0183,0.301,0.0,2320.0,0.5,1.0,0.0,0.0185,distractor_bowl,0,,43,-0.061,-0.021,-0.012,,0,0,0,0,0,0,0
4,33,350.0,0.3299,1.0666,0.0131,0.0131,0.0,-1.0,-1.0,-1.0,-1.0,-1.0,19.6,1.0624,3.0,0.0001,0.0,0.0167,0.204,0.0,2431.0,0.5,1.0,0.0,0.0143,distractor_bowl,0,,25,-0.079,-0.0,-0.019,,0,0,0,0,0,0,0
4,34,350.0,0.5232,1.0626,0.0082,0.0082,0.0502,-1.0,-1.0,-1.0,-1.0,-1.0,19.7,1.0624,1.0,0.0001,0.0502,0.0159,0.531,0.0,0.0,0.5,1.0,0.0,0.1067,distractor_bowl,0,,41,-0.065,-0.006,-0.024,,0,0,0,0,0,0,0
4,35,350.0,0.4834,1.0626,0.0378,0.0378,0.0227,-1.0,-1.0,-1.0,-1.0,-1.0,31.0,1.0624,2.0,0.0001,0.0227,0.1033,0.4783,31.0,0.0,0.5,1.0,0.0,0.1068,distractor_bowl,0,,58,-0.063,-0.025,-0.016,,0,0,0,0,0,0,0
4,36,350.0,0.5231,1.066,0.0037,0.0037,0.018,-1.0,-1.0,-1.0,-1.0,-1.0,8.6,1.0624,0.0,0.0001,0.018,0.0579,0.4305,0.0,0.0,0.5,1.0,0.0,0.1067,distractor_bowl,0,,31,-0.121,0.04,-0.021,,0,0,0,0,0,0,0
4,37,350.0,0.3571,1.0656,0.0093,0.0093,0.0,-1.0,-1.0,-1.0,-1.0,-1.0,23.8,1.0624,2.0,0.0001,0.0,0.1195,0.0,0.0,1.0,0.5,0.0,0.0,0.1067,distractor_bowl,0,,-1,,,,,0,0,0,0,0,0,0
4,38,350.0,0.5298,1.0626,0.0932,0.0932,0.3168,-1.0,-1.0,-1.0,-1.0,-1.0,77.7,1.0624,5.0,0.0001,0.3168,0.1176,0.7145,77.7,0.0,0.5,1.0,0.0,0.1068,distractor_bowl,0,,128,-0.026,-0.039,-0.035,,0,0,0,0,0,0,0
4,39,350.0,0.5042,1.0626,0.0122,0.0122,0.0321,-1.0,-1.0,-1.0,-1.0,-1.0,31.0,1.0624,2.0,0.0001,0.0369,0.0059,0.6195,0.0,0.0,0.4256,1.0,0.0,0.1065,ramekin,0,,23,-0.066,-0.008,-0.012,,0,0,0,0,0,0,0
4,4,350.0,0.3629,1.0764,0.016,0.016,0.0,-1.0,-1.0,-1.0,-1.0,-1.0,22.2,1.0624,2.0,0.0001,0.0,0.0219,0.0557,0.0,0.0,0.5,1.0,0.0,0.1067,distractor_bowl,0,,46,-0.077,0.007,-0.015,,0,0,0,0,0,0,0
4,40,350.0,0.4969,1.0626,0.0201,0.0201,0.0059,-1.0,-1.0,-1.0,-1.0,-1.0,41.8,1.0624,1.0,0.0001,0.0273,0.0151,0.4574,0.0,0.0,0.5,1.0,0.0,0.1067,distractor_bowl,0,,47,-0.047,-0.018,-0.04,,0,0,0,0,0,0,0
4,41,350.0,0.2778,0.9518,0.0632,0.0632,0.0422,-1.0,-1.0,-1.0,-1.0,-1.0,180.0,0.915,3.0,0.1476,0.0422,0.0117,0.5161,30.9,0.0,0.5,1.0,0.0,0.1621,ramekin,0,,33,-0.072,-0.014,-0.022,,0,0,0,0,0,0,0
4,42,350.0,0.5147,1.0626,0.0162,0.0162,0.0,-1.0,-1.0,-1.0,-1.0,-1.0,37.0,1.0624,2.0,0.0001,0.0,0.0047,0.8002,0.0,0.0,0.4971,1.0,0.0,0.1766,ramekin,0,,31,-0.076,0.005,-0.03,,0,0,0,0,0,0,0
4,43,350.0,0.3256,1.0626,0.0168,0.0168,0.0505,-1.0,-1.0,-1.0,-1.0,-1.0,37.2,1.0624,4.0,0.0001,0.0505,0.0063,0.4726,0.0,0.0,0.5,1.0,0.0,0.1067,distractor_bowl,0,,37,-0.072,0.001,-0.023,,0,0,0,0,0,0,0
4,44,350.0,0.3602,1.0681,0.0074,0.0074,0.0,-1.0,-1.0,-1.0,-1.0,-1.0,16.6,1.0624,1.0,0.0001,0.0,0.1079,0.0,0.0,1884.0,0.5,0.0,0.0,0.0353,distractor_bowl,0,,-1,,,,,0,0,0,0,0,0,0
4,45,350.0,0.5046,1.0626,0.0114,0.0114,0.0456,-1.0,-1.0,-1.0,-1.0,-1.0,27.9,1.0624,3.0,0.0001,0.0456,0.016,0.5361,0.0,0.0,0.5,1.0,0.0,0.1068,distractor_bowl,0,,26,-0.089,-0.007,-0.023,,0,0,0,0,0,0,0
4,46,350.0,0.3791,1.0628,0.073,0.073,0.0,-1.0,-1.0,-1.0,-1.0,-1.0,82.1,1.0624,9.0,0.0001,0.0,0.0142,0.2152,82.1,1.0,0.5,1.0,0.0,0.1067,distractor_bowl,0,,31,-0.067,-0.02,-0.023,,0,0,0,0,0,0,0
4,47,350.0,0.4495,1.0659,0.0139,0.0139,0.0,-1.0,-1.0,-1.0,-1.0,-1.0,33.3,1.0624,4.0,0.0001,0.0,0.0301,0.2205,0.0,2047.0,0.4984,1.0,0.0,0.029,distractor_bowl,0,,28,-0.073,-0.004,-0.02,,0,0,0,0,0,0,0
4,48,350.0,0.1559,0.8981,0.0967,0.0967,0.1838,-1.0,-1.0,-1.0,-1.0,-1.0,76.2,0.8981,9.0,0.1645,0.1838,0.0231,0.4515,28.7,0.0,0.5,1.0,0.0,0.1632,ramekin,0,,18,-0.084,-0.032,-0.022,,0,0,0,0,0,0,0
4,49,350.0,0.0972,0.9,0.0644,0.0644,0.0594,-1.0,-1.0,-1.0,-1.0,-1.0,67.2,0.898,33.0,0.1646,0.0997,0.0045,0.2309,25.8,0.0,0.5,1.0,0.0,0.1068,distractor_bowl,0,,34,-0.071,-0.026,-0.029,,0,0,0,0,0,0,0
4,5,350.0,0.4311,1.0626,0.0147,0.0147,0.0,-1.0,-1.0,-1.0,-1.0,-1.0,34.8,1.0624,1.0,0.0001,0.0,0.0096,0.2313,0.0,2425.0,0.5,1.0,0.0,0.0145,distractor_bowl,0,,33,-0.072,-0.006,-0.03,,0,0,0,0,0,0,0
4,50,350.0,0.3863,1.0626,0.0154,0.0154,0.1259,-1.0,-1.0,-1.0,-1.0,-1.0,35.7,1.0624,3.0,0.0001,0.1259,0.0092,0.5744,0.0,4.0,0.5,1.0,0.0,0.0771,ramekin,0,,34,-0.078,-0.019,-0.024,,0,0,0,0,0,0,0
4,6,350.0,0.4571,1.0657,0.0458,0.0458,0.0902,-1.0,-1.0,-1.0,-1.0,-1.0,40.2,1.0624,3.0,0.0001,0.0902,0.006,0.5902,40.2,0.0,0.4991,1.0,0.0,0.1067,distractor_bowl,0,,48,-0.075,-0.02,-0.029,,0,0,0,0,0,0,0
4,7,350.0,0.5,1.0626,0.0303,0.0303,0.1692,-1.0,-1.0,-1.0,-1.0,-1.0,56.3,1.0624,2.0,0.0001,0.1692,0.0045,0.65,0.0,0.0,0.5,1.0,0.0,0.2884,ramekin,0,,32,-0.08,0.013,-0.055,,0,0,0,0,0,0,0
4,8,350.0,0.5143,1.0626,0.0062,0.0062,0.0,-1.0,-1.0,-1.0,-1.0,-1.0,13.2,1.0624,1.0,0.0001,0.0,0.01,0.2712,0.0,2154.0,0.5,1.0,0.0,0.0249,distractor_bowl,0,,33,-0.076,-0.01,-0.024,,0,0,0,0,0,0,0
4,9,350.0,0.354,1.0647,0.0039,0.0039,0.0,-1.0,-1.0,-1.0,-1.0,-1.0,7.9,1.0624,1.0,0.0001,0.0,0.1266,0.0,0.0,0.0,0.5,0.0,0.0,0.1067,distractor_bowl,0,,-1,,,,,0,0,0,0,0,0,0
5,1,26.0,0.0417,0.9112,0.0771,0.0771,0.0222,15.0,0.0222,0.0311,0.914,-1.0,32.4,0.9112,4.0,0.0007,0.0222,0.0,0.0902,32.4,0.0,0.5,1.0,0.0,0.0001,ramekin,0,pmax=0.0222,5,0.005,-0.057,-0.013,0.0013,0,1,0,0,0,0,1
5,10,29.0,0.013,0.9119,0.0749,0.0749,0.0129,20.0,0.0024,0.0056,0.9118,28.0,28.6,0.9118,7.0,0.0003,0.0129,0.0,0.1334,27.1,0.0,0.5,1.0,0.0,0.0034,ramekin,1,,6,-0.022,-0.042,-0.034,0.0,0,1,0,1,1,1,1
5,11,29.0,0.0015,0.9118,0.083,0.083,0.0029,18.0,0.0018,0.0186,0.9115,28.0,32.6,0.9115,4.0,0.0004,0.0029,0.0,0.0898,32.6,0.0,0.5,1.0,0.0,0.0,ramekin,1,,5,-0.001,-0.058,-0.015,0.0006,0,1,0,0,1,1,1
5,12,27.0,0.0032,0.9126,0.0806,0.0806,0.0256,16.0,0.0295,0.008,0.913,-1.0,27.4,0.9111,6.0,0.0008,0.0312,0.0,0.0918,27.4,0.0,0.5,1.0,0.0,0.0,ramekin,0,pmax=0.0312,5,-0.001,-0.046,-0.016,0.0023,0,1,0,1,1,1,1
5,13,25.0,0.0171,0.9142,0.0746,0.0746,0.0347,14.0,0.0342,0.0133,0.9138,-1.0,52.0,0.9114,5.0,0.0005,0.0366,0.0,0.1012,32.8,0.0,0.5,1.0,0.0,0.0001,ramekin,0,pmax=0.0366,5,0.004,-0.049,-0.011,0.001,0,1,0,0,1,1,1
5,14,26.0,0.004,0.9119,0.0798,0.0798,0.0028,15.0,0.0057,0.0082,0.916,-1.0,31.0,0.9117,6.0,0.0003,0.0066,0.0,0.089,31.0,0.0,0.5,1.0,0.0,0.0,ramekin,0,pmax=0.0066,5,0.002,-0.053,-0.011,0.0004,0,1,0,1,1,1,1
5,15,25.0,0.0218,0.9116,0.0783,0.0783,0.0217,14.0,0.0222,0.0104,0.9118,-1.0,29.3,0.9113,4.0,0.0007,0.0222,0.0,0.0945,29.3,0.0,0.5,1.0,0.0,0.0,ramekin,0,pmax=0.0222,5,-0.002,-0.05,-0.015,0.0,0,1,0,1,1,1,1
5,16,27.0,0.0364,0.9118,0.0737,0.0737,0.0171,16.0,0.0159,0.0189,0.9119,-1.0,40.5,0.9117,7.0,0.0002,0.02,0.0,0.0986,33.3,0.0,0.5,1.0,0.0,0.0,ramekin,0,pmax=0.0200,5,-0.001,-0.05,-0.014,0.0,0,1,0,0,1,1,1
5,17,16.0,0.007,0.9118,0.0809,0.0809,0.0164,13.0,0.0164,0.007,0.9118,15.0,28.1,0.9112,4.0,0.0007,0.0175,0.0,0.0993,28.1,0.0,0.5,1.0,0.0,0.0,ramekin,0,pmax=0.0175,5,0.001,-0.047,-0.014,0.0,0,1,0,1,1,1,1
5,18,30.0,0.0847,0.9374,0.0771,0.0771,0.0481,-1.0,0.0299,0.0444,0.9119,-1.0,76.5,0.9119,8.0,0.0036,0.0504,0.0,0.116,36.8,0.0,0.5,1.0,0.0,0.0,ramekin,0,,5,0.001,-0.05,-0.011,0.0009,2,1,0,0,0,0,1
5,19,33.0,0.0621,0.9118,0.0832,0.0832,0.0185,-1.0,0.0151,0.0133,0.9119,-1.0,28.3,0.9118,5.0,0.0273,0.0219,0.0,0.0918,27.4,0.0,0.5,1.0,0.0,0.0003,ramekin,0,,5,-0.002,-0.049,-0.015,0.0,2,1,0,0,1,1,1
5,2,42.0,0.0868,0.9125,0.0355,0.0355,0.0245,-1.0,0.008,0.0287,0.9121,-1.0,61.5,0.8979,12.0,0.0412,0.0296,0.0,0.1359,40.7,0.0,0.5,1.0,0.0,0.0316,ramekin,0,,5,-0.002,-0.05,-0.016,0.0,1,1,0,0,0,1,1
5,20,27.0,0.04,0.9115,0.0738,0.0738,0.0503,-1.0,0.0407,0.0269,0.9145,-1.0,41.6,0.9111,5.0,0.0008,0.0503,0.0,0.0959,30.4,0.0,0.5,1.0,0.0,0.0,ramekin,0,,5,0.003,-0.049,-0.011,0.0052,1,1,1,0,0,1,1
5,21,55.0,0.044,0.9126,0.0805,0.0805,0.0137,44.0,0.0102,0.027,0.9114,-1.0,31.0,0.9108,8.0,0.0011,0.0115,0.0,0.0899,31.0,0.0,0.5,1.0,0.0,0.0,ramekin,0,pmax=0.0115,5,-0.003,-0.052,-0.015,0.0008,3,1,0,0,0,1,1
5,22,39.0,0.0133,0.9124,0.0753,0.0753,0.0134,28.0,0.0171,0.0155,0.9116,-1.0,31.6,0.9112,5.0,0.0007,0.0203,0.0,0.1042,31.6,0.0,0.5,1.0,0.0,0.0017,ramekin,0,pmax=0.0203,5,0.006,-0.05,-0.012,0.0121,0,1,2,0,1,1,1
5,23,30.0,0.0151,0.9117,0.0753,0.0753,0.0081,19.0,0.0104,0.0186,0.9113,-1.0,29.5,0.911,5.0,0.0009,0.0203,0.0,0.0882,29.5,0.0,0.5,1.0,0.0,0.0,ramekin,0,pmax=0.0203,5,0.003,-0.048,-0.011,0.0007,0,1,0,0,1,1,1
5,24,27.0,0.0099,0.9117,0.0792,0.0792,0.0136,17.0,0.0136,0.0154,0.9168,26.0,29.5,0.9117,6.0,0.0003,0.0138,0.0,0.096,29.5,0.0,0.5,1.0,0.0,0.0,ramekin,0,pmax=0.0138,5,-0.001,-0.05,-0.013,0.0125,0,1,1,0,1,1,1
5,25,150.0,0.1352,0.9115,0.0694,0.0694,0.1548,-1.0,-1.0,-1.0,-1.0,-1.0,47.1,0.899,12.0,0.0401,0.1548,0.0,0.2843,38.7,0.0,0.5,1.0,0.0,0.0011,cookies,0,,5,-0.003,-0.051,-0.014,,0,0,0,0,0,0,0
5,26,26.0,0.0507,0.9136,0.0776,0.0776,0.0187,-1.0,0.0155,0.0141,0.9127,-1.0,28.4,0.911,4.0,0.0009,0.0187,0.0,0.0934,28.4,0.0,0.5,1.0,0.0,0.0,ramekin,0,,5,0.003,-0.046,-0.013,0.002,1,1,0,0,1,1,1
5,27,73.0,0.0266,0.898,0.0765,0.0765,0.1342,-1.0,0.1305,0.0377,0.9063,-1.0,57.7,0.898,12.0,0.0139,0.1342,0.0,0.1076,30.6,0.0,0.5,1.0,0.0,0.0,distractor_bowl,0,,5,0.003,-0.049,-0.012,0.0012,1,1,0,0,0,0,1
5,28,26.0,0.1068,0.91,0.0753,0.0753,0.0858,-1.0,0.0524,0.0352,0.9115,-1.0,34.6,0.91,5.0,0.0291,0.0868,0.0,0.1113,30.1,41.0,0.5,1.0,0.0,0.0,ramekin,0,,5,0.003,-0.049,-0.015,0.0,1,1,0,0,0,0,1
5,29,25.0,0.0072,0.9117,0.0754,0.0754,0.0154,14.0,0.0149,0.0083,0.9115,-1.0,29.8,0.911,4.0,0.0009,0.0182,0.0,0.0875,29.8,0.0,0.5,1.0,0.0,0.0,ramekin,0,pmax=0.0182,5,0.002,-0.051,-0.012,0.0016,0,1,0,1,1,1,1
5,3,26.0,0.0162,0.913,0.0802,0.0802,0.0332,15.0,0.0357,0.0228,0.9127,-1.0,28.8,0.9113,5.0,0.0006,0.036,0.0,0.1011,28.8,0.0,0.5,1.0,0.0,0.0,ramekin,0,pmax=0.0360,5,0.008,-0.047,-0.011,0.0003,0,1,0,0,0,1,1
5,30,150.0,0.1289,0.898,0.0758,0.0758,0.0724,-1.0,-1.0,-1.0,-1.0,-1.0,29.8,0.898,3.0,0.0411,0.0724,0.0,0.1436,29.8,0.0,0.4637,1.0,0.0,0.0141,ramekin,0,,5,0.0,-0.05,-0.012,,0,0,0,0,0,0,0
5,31,25.0,0.0805,0.9092,0.0811,0.0811,0.0313,-1.0,0.0284,0.0148,0.9117,-1.0,26.6,0.9092,5.0,0.03,0.0394,0.0,0.098,26.6,0.0,0.5,1.0,0.0,0.0,ramekin,0,,5,-0.0,-0.047,-0.013,0.0,1,1,0,0,1,1,1
5,32,37.0,0.0706,0.9067,0.0764,0.0764,0.0147,-1.0,0.0154,0.0491,0.9115,-1.0,42.2,0.9067,5.0,0.0324,0.0179,0.0,0.0873,30.0,0.0,0.5,1.0,0.0,0.0,ramekin,0,,5,0.002,-0.05,-0.016,0.0,3,1,0,0,0,0,1
5,33,19.0,0.0032,0.9118,0.0795,0.0795,0.0064,15.0,0.0064,0.0032,0.9118,18.0,31.1,0.9113,5.0,0.0006,0.0085,0.0,0.095,31.1,0.0,0.5,1.0,0.0,0.0,ramekin,0,pmax=0.0085,5,-0.002,-0.05,-0.015,0.0,0,1,0,1,1,1,1
5,34,26.0,0.0806,0.9076,0.0736,0.0736,0.064,-1.0,0.0469,0.0324,0.9117,-1.0,32.5,0.9076,5.0,0.0315,0.064,0.0,0.0925,28.5,26.0,0.5,1.0,0.0,0.0,ramekin,0,,5,-0.001,-0.047,-0.015,0.0,1,1,0,0,0,0,1
5,35,31.0,0.0876,0.9112,0.076,0.076,0.0426,-1.0,0.0322,0.0233,0.9118,-1.0,33.3,0.9112,5.0,0.028,0.0443,0.0,0.0957,31.8,0.0,0.5,1.0,0.0,0.0,ramekin,0,,5,-0.002,-0.051,-0.015,0.0,2,1,0,0,0,1,1
5,36,28.0,0.0094,0.914,0.0834,0.0834,0.0028,17.0,0.0011,0.0171,0.9117,-1.0,31.6,0.9117,5.0,0.0002,0.0032,0.0,0.0939,31.6,0.0,0.4807,1.0,0.0,0.0,ramekin,1,,5,-0.0,-0.054,-0.012,0.0,0,1,0,0,1,1,1
5,37,24.0,0.0269,0.9126,0.0764,0.0764,0.0308,13.0,0.0268,0.0104,0.9116,-1.0,30.9,0.9114,4.0,0.0005,0.0268,0.0,0.104,28.1,0.0,0.5,1.0,0.0,0.0,ramekin,0,pmax=0.0268,5,0.009,-0.047,-0.011,0.0,0,1,0,1,1,1,1
5,38,61.0,0.0335,0.9123,0.0377,0.0377,0.0684,-1.0,0.0454,0.036,0.9093,-1.0,60.8,0.8978,18.0,0.0413,0.0684,0.0,0.1605,31.9,0.0,0.5,1.0,0.0,0.0382,ramekin,0,,5,0.003,-0.046,-0.012,0.0,2,1,0,0,0,0,1
5,39,150.0,0.1114,0.8979,0.0755,0.0755,0.008,-1.0,-1.0,-1.0,-1.0,-1.0,34.8,0.8979,3.0,0.0412,0.008,0.0,0.1158,29.2,0.0,0.5,1.0,0.0,0.0,ramekin,0,,5,-0.001,-0.051,-0.012,,0,0,0,0,0,0,0
5,4,30.0,0.0261,0.9142,0.0676,0.0676,0.0254,19.0,0.0305,0.0199,0.913,-1.0,55.6,0.9115,5.0,0.0004,0.0348,0.0,0.1103,43.1,0.0,0.5,1.0,0.0,0.0,ramekin,0,pmax=0.0348,5,-0.003,-0.048,-0.013,0.0012,0,1,0,0,1,1,1
5,40,37.0,0.0306,0.9118,0.0785,0.0785,0.0218,26.0,0.0236,0.0332,0.9128,-1.0,29.5,0.9113,5.0,0.0006,0.0236,0.0,0.0982,29.5,0.0,0.5,1.0,0.0,0.0,ramekin,0,pmax=0.0236,5,0.003,-0.047,-0.013,0.001,0,1,0,0,0,0,1
5,41,31.0,0.0232,0.9007,0.0698,0.0698,0.1167,-1.0,0.0772,0.0217,0.9073,-1.0,65.5,0.9007,9.0,0.0112,0.1167,0.0,0.1089,34.8,0.0,0.5,1.0,0.0,0.0001,cookies,0,,5,0.001,-0.048,-0.014,0.0027,1,1,0,0,0,1,1
5,42,25.0,0.0132,0.9123,0.0818,0.0818,0.0213,14.0,0.0197,0.0169,0.9117,-1.0,31.2,0.9117,5.0,0.0003,0.0197,0.0,0.0912,31.2,0.0,0.5,1.0,0.0,0.0,ramekin,0,pmax=0.0197,5,0.001,-0.051,-0.012,0.0,0,1,0,0,1,1,1
5,43,26.0,0.0138,0.9117,0.0767,0.0767,0.0045,15.0,0.0096,0.0109,0.9117,-1.0,31.5,0.9112,6.0,0.0007,0.014,0.0,0.0977,30.8,0.0,0.5,1.0,0.0,0.0,ramekin,0,pmax=0.0140,5,-0.002,-0.048,-0.015,0.0,0,1,0,1,1,1,1
5,44,48.0,0.0265,0.9048,0.0791,0.0791,0.1609,-1.0,0.1609,0.0082,0.9099,-1.0,33.1,0.898,14.0,0.0139,0.1609,0.0,0.0998,27.9,0.0,0.5,1.0,0.0,0.0,ramekin,0,,5,0.004,-0.049,-0.011,0.0031,1,1,0,1,1,1,1
5,45,22.0,0.0029,0.9117,0.0903,0.0903,0.0117,16.0,0.0117,0.0029,0.9117,21.0,30.9,0.9107,4.0,0.0012,0.0121,0.0,0.0793,30.9,0.0,0.5,1.0,0.0,0.0004,ramekin,0,pmax=0.0121,6,-0.02,-0.045,-0.035,0.0,0,1,0,1,1,1,1
5,46,25.0,0.0221,0.9118,0.0767,0.0767,0.0139,14.0,0.0143,0.0137,0.9115,-1.0,30.9,0.9113,6.0,0.0006,0.0198,0.0,0.0932,30.9,0.0,0.4879,1.0,0.0,0.0,ramekin,0,pmax=0.0198,5,0.005,-0.05,-0.012,0.0,0,1,0,0,1,1,1
5,47,150.0,0.0813,0.9021,0.0967,0.0967,0.1188,-1.0,-1.0,-1.0,-1.0,-1.0,51.0,0.9021,8.0,0.037,0.1188,0.0,0.0846,30.3,1009.0,0.5,1.0,0.0,0.0005,ramekin,0,,6,-0.022,-0.044,-0.035,,0,0,0,0,0,0,0
5,48,25.0,0.019,0.9116,0.0781,0.0781,0.0042,14.0,0.0076,0.0169,0.9155,-1.0,36.6,0.9113,4.0,0.0006,0.0203,0.0,0.0912,36.6,0.0,0.5,1.0,0.0,0.0,ramekin,0,pmax=0.0203,5,-0.003,-0.047,-0.014,0.0019,0,1,0,0,1,1,1
5,49,150.0,0.0794,0.9018,0.0721,0.0721,0.0973,-1.0,-1.0,-1.0,-1.0,-1.0,63.4,0.9018,7.0,0.0374,0.0973,0.0,0.1037,36.0,989.0,0.5,1.0,0.0,0.0003,cookies,0,,5,-0.002,-0.046,-0.016,,0,0,0,0,0,0,0
5,5,25.0,0.0121,0.9124,0.0776,0.0776,0.0064,-1.0,0.0034,0.0043,0.9154,-1.0,35.7,0.9117,7.0,0.0002,0.0064,0.0,0.0996,35.7,0.0,0.5,1.0,0.0,0.0,ramekin,0,,5,-0.003,-0.051,-0.014,0.001,1,1,0,1,1,1,1
5,50,42.0,0.0157,0.911,0.0789,0.0789,0.0401,31.0,0.0383,0.0152,0.9172,-1.0,29.2,0.911,5.0,0.0009,0.0383,0.0,0.094,28.5,0.0,0.5,1.0,0.0,0.0,ramekin,0,pmax=0.0383,5,0.001,-0.048,-0.015,0.0004,1,1,0,0,1,1,1
5,6,24.0,0.0323,0.9126,0.0727,0.0727,0.0293,-1.0,0.0275,0.0056,0.9116,-1.0,37.4,0.9114,8.0,0.0005,0.0293,0.0,0.0943,30.5,0.0,0.5,1.0,0.0,0.0,ramekin,0,,5,0.0,-0.051,-0.013,0.0,1,1,0,1,1,1,1
5,7,32.0,0.0293,0.911,0.0748,0.0748,0.0127,21.0,0.0054,0.0326,0.9138,-1.0,33.1,0.9107,8.0,0.0012,0.0099,0.0,0.0899,33.1,0.0,0.5,1.0,0.0,0.0,ramekin,0,pmax=0.0099,5,-0.002,-0.054,-0.015,0.0043,0,1,0,0,0,0,1
5,8,150.0,0.1597,0.8979,0.073,0.073,0.0077,-1.0,-1.0,-1.0,-1.0,-1.0,31.0,0.8979,4.0,0.0412,0.0145,0.0,0.1382,31.0,0.0,0.5,1.0,0.0,0.0,ramekin,0,,5,0.006,-0.051,-0.012,,0,0,0,0,0,0,0
5,9,36.0,0.0389,0.9025,0.0766,0.0766,0.0658,-1.0,0.0553,0.0227,0.9096,-1.0,32.0,0.8992,7.0,0.0127,0.0658,0.0,0.0995,29.7,0.0,0.5,1.0,0.0,0.0,ramekin,0,,5,0.005,-0.05,-0.011,0.0005,2,1,0,0,0,1,1
6,1,42.0,0.0235,0.9116,0.0514,0.0514,0.0119,31.0,0.0102,0.027,0.9114,-1.0,45.2,0.898,9.0,0.0005,0.0114,0.0009,0.0733,45.2,0.0,0.5,1.0,0.0,0.0193,cookies,0,dist=0.0193(cookies,7,-0.047,0.042,-0.021,0.0,0,1,0,0,0,1,1
6,10,250.0,0.3577,0.898,0.0,0.0,0.0465,-1.0,-1.0,-1.0,-1.0,-1.0,0.0,0.898,0.0,0.0,0.0465,0.0806,0.1552,0.0,0.0,0.5,1.0,0.0,0.0763,distractor_bowl,0,,7,-0.086,0.117,-0.015,,0,0,0,0,0,0,0
6,11,39.0,0.053,0.9122,0.0547,0.0547,0.0258,-1.0,0.022,0.047,0.9118,-1.0,31.4,0.898,10.0,0.0012,0.026,0.0008,0.0825,31.4,0.0,0.5,1.0,0.0,0.0145,cookies,0,,7,-0.047,0.047,-0.021,0.0008,1,1,0,0,0,0,1
6,12,37.0,0.0437,0.9155,0.0603,0.0603,0.0165,-1.0,0.0147,0.0453,0.9116,-1.0,35.0,0.898,11.0,0.0005,0.0165,0.0052,0.0978,35.0,0.0,0.5,1.0,0.0,0.0132,cookies,0,,7,-0.051,0.042,-0.024,0.0011,1,1,0,0,0,0,1
6,13,250.0,0.2368,0.9107,0.0156,0.0156,0.0207,-1.0,-1.0,-1.0,-1.0,-1.0,35.6,0.898,1.0,0.0,0.0207,0.0016,0.4664,0.0,0.0,0.5,1.0,0.0,0.1406,ramekin,0,,7,-0.052,0.048,-0.022,,0,0,0,0,0,0,0
6,14,250.0,0.2973,0.8979,0.011,0.011,0.0797,-1.0,-1.0,-1.0,-1.0,-1.0,28.8,0.8979,3.0,0.0001,0.0797,0.0158,0.3932,0.0,0.0,0.5,1.0,0.0,0.2585,ramekin,0,,7,-0.063,0.039,-0.026,,0,0,0,0,0,0,0
6,15,250.0,0.266,0.9023,0.0109,0.0109,0.1807,-1.0,-1.0,-1.0,-1.0,-1.0,28.3,0.898,3.0,0.0,0.1807,0.0127,0.3769,0.0,0.0,0.5,1.0,0.0,0.1273,ramekin,0,,7,-0.063,0.04,-0.025,,0,0,0,0,0,0,0
6,16,250.0,0.2378,0.9115,0.0209,0.0209,0.0411,-1.0,-1.0,-1.0,-1.0,-1.0,35.7,0.898,2.0,0.0,0.054,0.0002,0.3829,18.7,0.0,0.5,1.0,0.0,0.1775,ramekin,0,,7,-0.05,0.044,-0.02,,0,0,0,0,0,0,0
6,17,29.0,0.0243,0.9112,0.0631,0.0631,0.0032,18.0,0.0031,0.0483,0.9112,-1.0,34.7,0.898,6.0,0.0007,0.0041,0.0005,0.0809,34.7,0.0,0.5,1.0,0.0,0.0122,cookies,0,dist=0.0122(cookies,7,-0.046,0.045,-0.016,0.0043,0,1,0,0,0,0,1
6,18,250.0,0.2805,0.8979,0.0428,0.0428,0.0989,-1.0,-1.0,-1.0,-1.0,-1.0,44.5,0.8979,7.0,0.0001,0.0989,0.012,0.1765,44.5,0.0,0.5,1.0,0.0,0.0778,distractor_bowl,0,,7,-0.065,0.041,-0.029,,0,0,0,0,0,0,0
6,19,33.0,0.0793,0.9139,0.0445,0.0445,0.035,-1.0,0.0015,0.0379,0.9125,-1.0,35.2,0.898,6.0,0.001,0.035,0.0007,0.0929,35.2,0.0,0.5,1.0,0.0,0.0163,cookies,0,,7,-0.043,0.048,-0.017,0.0015,1,1,0,0,0,0,1
6,2,250.0,0.1814,0.9195,0.0263,0.0263,0.0486,-1.0,-1.0,-1.0,-1.0,-1.0,12.9,0.898,2.0,0.0,0.0702,0.0008,0.5496,12.9,0.0,0.5,1.0,0.0,0.2634,ramekin,0,,7,-0.038,0.046,-0.015,,0,0,0,0,0,0,0
6,20,250.0,0.1244,0.8981,0.0492,0.0492,0.1448,-1.0,-1.0,-1.0,-1.0,-1.0,83.5,0.898,13.0,0.0,0.1448,0.0018,0.3511,83.5,0.0,0.5,1.0,0.0,0.0902,ramekin,0,,7,-0.049,0.045,-0.019,,0,0,0,0,0,0,0
6,21,27.0,0.0149,0.9117,0.0613,0.0613,0.0137,16.0,0.0127,0.02,0.912,-1.0,31.8,0.898,5.0,0.0004,0.015,0.0067,0.0778,29.6,0.0,0.5,1.0,0.0,0.0122,cookies,0,dist=0.0122(cookies,7,-0.043,0.048,-0.027,0.0005,0,1,0,0,0,1,1
6,22,42.0,0.0742,0.9113,0.0671,0.0671,0.0509,-1.0,0.0431,0.0473,0.9114,-1.0,32.7,0.898,8.0,0.0005,0.0509,0.0008,0.0816,32.7,0.0,0.5,1.0,0.0,0.0146,distractor_bowl,0,,7,-0.046,0.045,-0.02,0.0,1,1,0,0,0,0,1
6,23,31.0,0.0287,0.9115,0.0653,0.0653,0.0012,20.0,0.0005,0.0471,0.911,-1.0,29.8,0.898,8.0,0.0009,0.0013,0.0014,0.0804,29.8,0.0,0.5,1.0,0.0,0.0162,cookies,0,dist=0.0162(cookies,7,-0.049,0.042,-0.021,0.0,0,1,0,0,0,0,1
6,24,45.0,0.0638,0.9147,0.0592,0.0592,0.0349,-1.0,0.0221,0.0497,0.9109,-1.0,34.5,0.898,8.0,0.0013,0.0349,0.0004,0.0984,34.5,0.0,0.5,1.0,0.0,0.0158,cookies,0,,7,-0.048,0.045,-0.021,0.0,1,1,0,0,0,0,1
6,25,57.0,0.0232,0.9122,0.0453,0.0453,0.024,46.0,0.024,0.0236,0.9109,-1.0,38.1,0.898,13.0,0.0052,0.0335,0.0005,0.1104,38.1,0.0,0.5,1.0,0.0,0.0191,distractor_bowl,0,dist=0.0146(distractor_bowl,7,-0.044,0.047,-0.015,0.0,0,1,0,0,0,1,1
6,26,250.0,0.561,0.8982,0.0091,0.0091,0.0245,-1.0,-1.0,-1.0,-1.0,-1.0,22.7,0.898,2.0,0.0,0.0245,0.0007,0.8104,0.0,0.0,0.5,1.0,0.0,0.3619,ramekin,0,,7,-0.046,0.045,-0.019,,0,0,0,0,0,0,0
6,27,250.0,0.2765,0.898,0.0033,0.0033,0.054,-1.0,-1.0,-1.0,-1.0,-1.0,8.5,0.898,1.0,0.0,0.065,0.0007,0.5217,0.0,0.0,0.5,1.0,0.0,0.1472,ramekin,0,,7,-0.045,0.046,-0.017,,0,0,0,0,0,0,0
6,28,45.0,0.0669,0.9111,0.0649,0.0649,0.0362,-1.0,0.0347,0.0487,0.9112,-1.0,33.3,0.898,9.0,0.0014,0.0362,0.0011,0.0926,33.3,0.0,0.5,1.0,0.0,0.0164,cookies,0,,7,-0.046,0.045,-0.022,0.0,1,1,0,0,0,0,1
6,29,40.0,0.0411,0.9134,0.0604,0.0604,0.0043,29.0,0.0032,0.0419,0.9128,-1.0,33.8,0.898,7.0,0.001,0.0052,0.0008,0.0895,33.8,0.0,0.5,1.0,0.0,0.0181,cookies,0,dist=0.0181(cookies,7,-0.047,0.044,-0.02,0.0011,1,1,0,0,0,0,1
6,3,191.0,0.0414,0.9131,0.0423,0.0423,0.0336,180.0,0.0308,0.0423,0.9134,-1.0,53.7,0.898,26.0,0.0023,0.0645,0.0141,0.1068,53.7,0.0,0.5,1.0,0.0,0.0599,distractor_bowl,0,dist=0.0553(distractor_bowl,7,-0.064,0.039,-0.03,0.0008,0,1,0,0,0,0,1
6,30,34.0,0.0245,0.9117,0.0678,0.0678,0.0085,31.0,0.0085,0.0246,0.9117,33.0,42.2,0.898,12.0,0.0003,0.0108,0.0009,0.0778,42.2,0.0,0.5,1.0,0.0,0.0266,cookies,0,dist=0.0266(cookies,7,-0.049,0.045,-0.021,0.0001,0,1,0,0,0,1,1
6,31,35.0,0.0384,0.9166,0.0542,0.0542,0.0248,-1.0,0.0116,0.0368,0.9112,-1.0,41.3,0.898,6.0,0.0007,0.0248,0.0005,0.0744,41.3,0.0,0.5,1.0,0.0,0.0144,cookies,0,,7,-0.045,0.047,-0.019,0.0,1,1,0,0,0,0,1
6,32,250.0,0.238,0.8979,0.0462,0.0462,0.0839,-1.0,-1.0,-1.0,-1.0,-1.0,54.3,0.8979,15.0,0.0001,0.0839,0.0003,0.1805,54.3,0.0,0.5,1.0,0.0,0.0764,distractor_bowl,0,,7,-0.044,0.046,-0.014,,0,0,0,0,0,0,0
6,33,192.0,0.0509,0.9142,0.0397,0.0397,0.0648,-1.0,0.0625,0.0442,0.9117,-1.0,40.7,0.898,22.0,0.0042,0.0648,0.0003,0.0786,40.7,0.0,0.5,1.0,0.0,0.0602,distractor_bowl,0,,7,-0.047,0.046,-0.022,0.0,1,1,0,0,0,0,1
6,34,28.0,0.0305,0.9118,0.0584,0.0584,0.0127,19.0,0.0127,0.0305,0.9118,-1.0,35.6,0.898,5.0,0.0002,0.0127,0.0033,0.0814,35.6,0.0,0.5,1.0,1.0,0.0141,cookies,0,dist=0.0141(cookies,7,-0.051,0.041,-0.023,0.0,0,1,0,0,0,0,1
6,35,27.0,0.0388,0.9283,0.0659,0.0659,0.0263,-1.0,0.0052,0.0468,0.9113,-1.0,40.2,0.898,7.0,0.0006,0.0266,0.0012,0.0768,40.2,0.0,0.5,1.0,0.0,0.0119,cookies,0,,7,-0.048,0.043,-0.02,0.0001,1,1,0,0,0,0,1
6,36,250.0,0.1712,0.9009,0.0354,0.0354,0.0189,-1.0,-1.0,-1.0,-1.0,-1.0,30.7,0.8979,4.0,0.0001,0.0502,0.0011,0.2294,30.7,0.0,0.5,1.0,0.0,0.096,ramekin,0,,7,-0.043,0.049,-0.019,,0,0,0,0,0,0,0
6,37,250.0,0.2062,0.8979,0.0452,0.0452,0.138,-1.0,-1.0,-1.0,-1.0,-1.0,36.2,0.8979,3.0,0.0001,0.138,0.0019,0.3735,27.1,0.0,0.5,1.0,0.0,0.0996,ramekin,0,,7,-0.05,0.046,-0.019,,0,0,0,0,0,0,0
6,38,250.0,0.2775,0.898,0.0127,0.0127,0.2151,-1.0,-1.0,-1.0,-1.0,-1.0,31.7,0.898,3.0,0.0,0.2151,0.0166,0.2479,0.0,0.0,0.5,1.0,0.0,0.0772,distractor_bowl,0,,7,-0.065,0.045,-0.028,,0,0,0,0,0,0,0
6,39,29.0,0.0263,0.9118,0.0557,0.0557,0.0114,20.0,0.0114,0.0265,0.9117,-1.0,48.9,0.898,6.0,0.0002,0.0114,0.0007,0.0699,48.9,0.0,0.5,1.0,1.0,0.0148,cookies,0,dist=0.0148(cookies,7,-0.048,0.045,-0.018,0.0,0,1,0,0,0,1,1
6,4,250.0,0.2915,0.898,0.0205,0.0205,0.0,-1.0,-1.0,-1.0,-1.0,-1.0,41.6,0.898,2.0,0.0,0.0,0.0193,0.4576,0.0,0.0,0.5,1.0,0.0,0.2271,ramekin,0,,7,-0.067,0.043,-0.037,,0,0,0,0,0,0,0
6,40,135.0,0.0423,0.9122,0.0588,0.0588,0.0373,124.0,0.0363,0.0449,0.9113,-1.0,38.2,0.898,20.0,0.0009,0.0433,0.0018,0.0909,38.2,0.0,0.5,1.0,0.0,0.0429,distractor_bowl,0,dist=0.0383(distractor_bowl,7,-0.047,0.047,-0.019,0.0,0,1,0,0,0,0,1
6,41,250.0,0.2405,0.9093,0.0181,0.0181,0.0237,-1.0,-1.0,-1.0,-1.0,-1.0,34.4,0.898,2.0,0.0,0.0265,0.0131,0.4124,0.0,0.0,0.5,1.0,0.0,0.1428,ramekin,0,,7,-0.061,0.04,-0.025,,0,0,0,0,0,0,0
6,42,32.0,0.0355,0.9113,0.0318,0.0318,0.0022,21.0,0.0025,0.0397,0.911,-1.0,33.5,0.898,4.0,0.001,0.0116,0.0141,0.0918,31.7,0.0,0.5,1.0,0.0,0.013,cookies,0,dist=0.0130(cookies,7,-0.064,0.041,-0.028,0.0,0,1,0,0,0,0,1
6,43,250.0,0.185,0.9013,0.0554,0.0554,0.0804,-1.0,-1.0,-1.0,-1.0,-1.0,39.6,0.898,22.0,0.0,0.0905,0.0012,0.1277,33.6,0.0,0.5,1.0,0.0,0.0763,distractor_bowl,0,,7,-0.05,0.048,-0.022,,0,0,0,0,0,0,0
6,44,37.0,0.0385,0.9118,0.0656,0.0656,0.0101,26.0,0.0091,0.0464,0.911,-1.0,31.6,0.898,6.0,0.0009,0.0091,0.0041,0.0965,31.6,0.0,0.5,1.0,0.0,0.0134,cookies,0,dist=0.0134(cookies,7,-0.046,0.048,-0.02,0.0,0,1,0,0,0,0,1
6,45,250.0,0.1712,0.9134,0.0345,0.0345,0.0478,-1.0,-1.0,-1.0,-1.0,-1.0,42.7,0.898,4.0,0.0,0.0492,0.001,0.1818,42.7,0.0,0.5,1.0,0.0,0.0778,distractor_bowl,0,,7,-0.045,0.044,-0.02,,0,0,0,0,0,0,0
6,46,43.0,0.0566,0.9114,0.0481,0.0481,0.0346,-1.0,0.037,0.0443,0.9114,-1.0,49.8,0.898,10.0,0.0018,0.0372,0.005,0.1093,49.8,0.0,0.5,1.0,0.0,0.0149,distractor_bowl,0,,7,-0.054,0.048,-0.023,0.0,1,1,0,0,0,0,1
6,47,250.0,0.3052,0.8979,0.0286,0.0286,0.0403,-1.0,-1.0,-1.0,-1.0,-1.0,35.3,0.8979,1.0,0.0001,0.0403,0.0005,0.3928,35.3,0.0,0.5,1.0,0.0,0.0535,distractor_bowl,0,,7,-0.038,0.043,-0.015,,0,0,0,0,0,0,0
6,48,40.0,0.0364,0.9116,0.0545,0.0545,0.0013,29.0,0.0019,0.0441,0.911,-1.0,38.3,0.898,7.0,0.0009,0.0083,0.0011,0.0845,38.3,0.0,0.5,1.0,0.0,0.014,distractor_bowl,0,dist=0.0133(cookies,7,-0.048,0.045,-0.02,0.0,0,1,0,0,0,0,1
6,49,250.0,0.1018,0.9177,0.0583,0.0583,0.0855,-1.0,-1.0,-1.0,-1.0,-1.0,40.5,0.898,28.0,0.0006,0.0855,0.0002,0.0935,40.5,0.0,0.5,1.0,0.0,0.0763,distractor_bowl,0,,7,-0.047,0.045,-0.019,,0,0,0,0,0,0,0
6,5,38.0,0.0529,0.9126,0.0605,0.0605,0.0186,-1.0,0.0098,0.0361,0.9113,-1.0,34.6,0.898,11.0,0.0014,0.0192,0.003,0.0949,34.6,0.0,0.5,1.0,0.0,0.0142,cookies,0,,7,-0.052,0.042,-0.023,0.0,1,1,0,0,0,0,1
6,50,50.0,0.057,0.9148,0.0633,0.0633,0.0241,-1.0,0.0116,0.0462,0.9155,-1.0,31.8,0.898,13.0,0.0012,0.0241,0.0007,0.1007,31.8,0.0,0.5,1.0,0.0,0.0216,distractor_bowl,0,,7,-0.049,0.046,-0.022,0.0,3,1,1,0,0,0,1
6,6,250.0,0.265,0.9067,0.0128,0.0128,0.0082,-1.0,-1.0,-1.0,-1.0,-1.0,31.9,0.898,2.0,0.0,0.0217,0.0141,0.4949,0.0,0.0,0.5,1.0,0.0,0.2356,ramekin,0,,7,-0.064,0.044,-0.029,,0,0,0,0,0,0,0
6,7,33.0,0.0428,0.9115,0.056,0.056,0.0102,22.0,0.0103,0.0454,0.9115,-1.0,28.1,0.898,6.0,0.0006,0.0127,0.0007,0.084,28.1,0.0,0.5,1.0,0.0,0.0143,cookies,0,dist=0.0143(cookies,7,-0.043,0.047,-0.017,0.0022,0,1,0,0,0,0,1
6,8,250.0,0.2827,0.898,0.0,0.0,0.055,-1.0,-1.0,-1.0,-1.0,-1.0,0.0,0.898,0.0,0.0,0.055,0.0202,0.3688,0.0,0.0,0.5,1.0,0.0,0.0344,ramekin,0,,7,-0.069,0.036,-0.015,,0,0,0,0,0,0,0
6,9,42.0,0.072,0.9107,0.0509,0.0509,0.0312,-1.0,0.0277,0.0506,0.9117,-1.0,38.1,0.898,9.0,0.0012,0.0312,0.0048,0.095,38.1,0.0,0.5,1.0,0.0,0.0161,distractor_bowl,0,,7,-0.052,0.043,-0.022,0.0019,1,1,1,0,0,0,0
7,1,28.0,0.0425,0.9215,0.1433,0.1433,0.0067,-1.0,0.0015,0.0356,0.9113,-1.0,38.7,0.9105,5.0,0.0014,0.007,0.0,0.0721,38.7,0.0,0.5,1.0,0.0,0.0,distractor_bowl,0,,4,-0.005,0.028,-0.021,0.0,1,1,0,0,0,0,1
7,10,30.0,0.021,0.915,0.1453,0.1453,0.0245,20.0,0.0246,0.02,0.9154,-1.0,41.6,0.9076,6.0,0.0043,0.0257,0.0,0.0719,41.6,0.0,0.5,1.0,1.0,0.0,distractor_bowl,0,"pmax=0.0257,bpen=0.0043",4,-0.003,0.03,-0.02,0.0004,0,1,0,0,0,1,1
7,11,63.0,0.0398,0.9068,0.1447,0.1447,0.0917,52.0,0.0809,0.0299,0.9082,-1.0,38.6,0.8979,9.0,0.0332,0.0809,0.0,0.1698,38.6,0.0,0.5,1.0,0.0,0.0079,cookies,0,"pmax=0.0809,bpen=0.0332",4,-0.003,0.029,-0.018,0.0018,0,1,0,0,0,1,1
7,12,350.0,0.2649,0.9019,0.139,0.139,0.1305,-1.0,-1.0,-1.0,-1.0,-1.0,40.0,0.8978,34.0,0.0333,0.1398,0.0,0.0745,40.0,0.0,0.5,1.0,0.0,0.0467,ramekin,0,,4,-0.002,0.031,-0.019,,0,0,0,0,0,0,0
7,13,31.0,0.0467,0.9196,0.1426,0.1426,0.0198,-1.0,0.0177,0.0244,0.918,-1.0,38.5,0.9093,5.0,0.0027,0.0202,0.0,0.0738,38.5,0.0,0.5,1.0,0.0,0.0,distractor_bowl,0,,4,-0.003,0.027,-0.017,0.0,1,1,1,0,0,1,1
7,14,30.0,0.0447,0.9114,0.1505,0.1505,0.0423,19.0,0.0312,0.0132,0.9115,-1.0,39.5,0.9102,6.0,0.0017,0.0313,0.0,0.0755,39.5,0.0,0.4744,1.0,0.0,0.0,distractor_bowl,0,pmax=0.0313,4,-0.001,0.029,-0.017,0.0,0,1,0,0,1,1,1
7,15,28.0,0.0564,0.9222,0.1346,0.1346,0.002,-1.0,0.0003,0.0414,0.9137,-1.0,36.3,0.9103,4.0,0.0016,0.002,0.0,0.0845,36.3,0.0,0.5,1.0,0.0,0.0,distractor_bowl,0,,4,-0.002,0.026,-0.02,0.002,1,1,0,0,0,0,1
7,16,28.0,0.0522,0.9141,0.127,0.127,0.0013,-1.0,0.0019,0.028,0.9113,-1.0,41.9,0.9076,4.0,0.0043,0.0019,0.0,0.0773,41.9,0.0,0.5,1.0,0.0,0.0,distractor_bowl,0,,4,-0.003,0.027,-0.022,0.0002,1,1,0,0,0,1,1
7,17,28.0,0.0509,0.9205,0.1489,0.1489,0.0038,-1.0,0.0029,0.035,0.9112,-1.0,41.7,0.91,6.0,0.0019,0.0038,0.0,0.0749,41.7,0.0,0.5,1.0,0.0,0.0,distractor_bowl,0,,4,-0.005,0.029,-0.022,0.0,1,1,0,0,0,0,1
7,18,30.0,0.0365,0.9153,0.1507,0.1507,0.029,19.0,0.0306,0.0191,0.9138,-1.0,42.6,0.9077,6.0,0.0042,0.0306,0.0,0.0725,42.6,0.0,0.5,1.0,0.0,0.0,distractor_bowl,0,"pmax=0.0306,bpen=0.0042",4,-0.003,0.03,-0.019,0.0015,0,1,0,0,1,1,1
7,19,350.0,0.2161,0.8979,0.1445,0.1445,0.181,-1.0,0.0384,0.0373,0.9187,-1.0,35.1,0.8979,17.0,0.0333,0.181,0.0,0.1508,35.1,2.0,0.5,1.0,0.0,0.0573,cookies,0,,4,-0.002,0.031,-0.017,0.0303,0,0,1,0,0,0,1
7,2,32.0,0.0094,0.9112,0.1631,0.1631,0.0235,21.0,0.0237,0.0087,0.9112,-1.0,42.2,0.9109,6.0,0.001,0.0237,0.0,0.0768,42.2,0.0,0.5,1.0,1.0,0.0,distractor_bowl,0,pmax=0.0237,4,-0.003,0.029,-0.017,0.0004,0,1,0,1,1,1,1
7,20,43.0,0.0344,0.9194,0.1785,0.1785,0.0297,-1.0,0.0288,0.0326,0.9128,-1.0,40.5,0.9116,7.0,0.0003,0.0297,0.0,0.0768,40.5,0.0,0.5,1.0,0.0,0.0,distractor_bowl,0,,4,-0.007,0.028,-0.02,0.004,2,1,0,0,0,0,1
7,21,350.0,0.1976,0.901,0.0982,0.0982,0.2466,-1.0,-1.0,-1.0,-1.0,-1.0,32.0,0.8983,13.0,0.0326,0.2466,0.0,0.1038,22.2,1489.0,0.5,1.0,0.0,0.0758,cookies,0,,4,-0.002,0.028,-0.018,,0,0,0,0,0,0,0
7,22,350.0,0.4774,0.9311,0.0101,0.0101,0.0,-1.0,-1.0,-1.0,-1.0,-1.0,21.1,0.9311,2.0,0.0,0.0,0.0,0.596,0.0,0.0,0.5,1.0,0.0,1.1024,ramekin,0,,4,-0.003,0.028,-0.017,,0,0,0,0,0,0,0
7,23,31.0,0.0316,0.9142,0.1517,0.1517,0.0234,20.0,0.0205,0.0194,0.9129,-1.0,42.4,0.9112,6.0,0.0007,0.0208,0.0,0.0762,42.4,0.0,0.4841,1.0,0.0,0.0,distractor_bowl,0,pmax=0.0208,4,-0.002,0.032,-0.021,0.0009,0,1,0,0,1,1,1
7,24,27.0,0.042,0.9199,0.1308,0.1308,0.0055,-1.0,0.0057,0.0312,0.9114,-1.0,35.2,0.9113,5.0,0.0006,0.0067,0.0,0.0728,35.2,0.0,0.5,1.0,0.0,0.0,distractor_bowl,0,,4,-0.004,0.03,-0.02,0.0,1,1,0,0,0,0,1
7,25,350.0,0.2282,0.898,0.1565,0.1565,0.1293,-1.0,-1.0,-1.0,-1.0,-1.0,56.0,0.8979,25.0,0.0332,0.1293,0.0,0.1508,32.9,0.0,0.5,1.0,0.0,0.21,cookies,0,,4,-0.003,0.029,-0.018,,0,0,0,0,0,0,0
7,26,350.0,0.2594,0.9077,0.1314,0.1314,0.1402,-1.0,-1.0,-1.0,-1.0,-1.0,51.9,0.8979,15.0,0.0332,0.1402,0.0,0.1569,34.3,0.0,0.5,1.0,0.0,0.186,cookies,0,,4,0.0,0.03,-0.012,,0,0,0,0,0,0,0
7,27,28.0,0.0624,0.9223,0.1423,0.1423,0.0287,-1.0,0.0157,0.0339,0.911,-1.0,37.1,0.911,7.0,0.013,0.0287,0.0,0.0679,37.1,0.0,0.5,1.0,0.0,0.0,ramekin,0,,4,-0.003,0.028,-0.02,0.0,1,1,0,0,0,0,1
7,28,28.0,0.0551,0.922,0.1245,0.1245,0.0007,-1.0,0.0007,0.0389,0.9111,-1.0,38.8,0.909,5.0,0.0029,0.0021,0.0,0.07,38.8,0.0,0.5,1.0,0.0,0.0,distractor_bowl,0,,4,-0.001,0.026,-0.019,0.0009,1,1,0,0,0,0,1
7,29,30.0,0.0334,0.9124,0.1493,0.1493,0.0101,19.0,0.0189,0.0098,0.9113,-1.0,38.9,0.9099,6.0,0.002,0.0189,0.0,0.0753,38.9,0.0,0.5,1.0,0.0,0.0,ramekin,0,pmax=0.0189,4,-0.002,0.028,-0.02,0.0001,0,1,0,1,1,1,1
7,3,29.0,0.0398,0.9207,0.1284,0.1284,0.0142,-1.0,0.0015,0.0355,0.9111,-1.0,36.6,0.9111,5.0,0.0008,0.0148,0.0,0.0718,36.6,0.0,0.5,1.0,0.0,0.0,distractor_bowl,0,,4,-0.001,0.032,-0.019,0.0,1,1,0,0,0,0,1
7,30,32.0,0.0075,0.911,0.1546,0.1546,0.032,21.0,0.0345,0.0067,0.9124,-1.0,39.0,0.908,6.0,0.0039,0.0345,0.0,0.0753,39.0,0.0,0.5,1.0,0.0,0.0,ramekin,0,"pmax=0.0345,bpen=0.0039",4,-0.004,0.03,-0.015,0.0006,0,1,0,1,1,1,1
7,31,28.0,0.0351,0.9108,0.1378,0.1378,0.0128,17.0,0.0129,0.0297,0.911,-1.0,41.0,0.9095,5.0,0.0024,0.0129,0.0,0.0683,41.0,0.0,0.5,1.0,0.0,0.0,distractor_bowl,0,pmax=0.0129,4,-0.005,0.03,-0.021,0.0,0,1,0,0,0,1,1
7,32,350.0,0.2379,0.9041,0.138,0.138,0.2342,-1.0,-1.0,-1.0,-1.0,-1.0,40.7,0.8981,11.0,0.0331,0.2342,0.0,0.0739,40.7,1006.0,0.5,1.0,0.0,0.0693,cookies,0,,4,-0.001,0.032,-0.019,,0,0,0,0,0,0,0
7,33,30.0,0.025,0.9114,0.1618,0.1618,0.0385,19.0,0.0281,0.005,0.9114,-1.0,40.8,0.9111,6.0,0.0008,0.0281,0.0,0.0769,40.8,0.0,0.5,1.0,0.0,0.0,distractor_bowl,0,pmax=0.0281,4,-0.001,0.028,-0.02,0.0,0,1,0,1,1,1,1
7,34,350.0,0.0604,0.898,0.1364,0.1364,0.1026,-1.0,-1.0,-1.0,-1.0,-1.0,42.0,0.898,43.0,0.0331,0.1042,0.0,0.0979,42.0,0.0,0.5,1.0,0.0,0.0147,cookies,0,,4,-0.001,0.03,-0.02,,0,0,0,0,0,0,0
7,35,30.0,0.0184,0.9116,0.1538,0.1538,0.0055,19.0,0.0049,0.0207,0.9115,-1.0,36.0,0.9098,6.0,0.0022,0.0052,0.0,0.0736,36.0,0.0,0.5,1.0,0.0,0.0,distractor_bowl,0,pmax=0.0052,4,-0.003,0.031,-0.017,0.0,0,1,0,0,0,1,1
7,36,31.0,0.0133,0.9128,0.156,0.156,0.0222,20.0,0.0252,0.0046,0.9117,-1.0,36.9,0.9112,6.0,0.0007,0.0252,0.0,0.0759,36.9,0.0,0.4825,1.0,0.0,0.0,distractor_bowl,0,pmax=0.0252,4,-0.003,0.032,-0.016,0.0045,0,1,0,1,1,1,1
7,37,29.0,0.0436,0.9217,0.1396,0.1396,0.0021,-1.0,0.0021,0.0327,0.9113,-1.0,38.6,0.9099,5.0,0.002,0.0043,0.0,0.0755,38.6,0.0,0.5,1.0,0.0,0.0,distractor_bowl,0,,4,-0.003,0.03,-0.019,0.0,1,1,0,0,0,0,1
7,38,30.0,0.024,0.9117,0.1412,0.1412,0.0142,19.0,0.0143,0.0122,0.9114,-1.0,38.5,0.9113,5.0,0.0006,0.0143,0.0,0.0795,38.5,0.0,0.5,1.0,0.0,0.0,distractor_bowl,0,pmax=0.0143,4,-0.002,0.032,-0.016,0.0,0,1,0,1,1,1,1
7,39,31.0,0.0241,0.912,0.1432,0.1432,0.0269,20.0,0.0299,0.0314,0.9119,-1.0,41.2,0.9099,5.0,0.002,0.0299,0.0,0.0791,41.2,3.0,0.5,1.0,0.0,0.0,distractor_bowl,0,pmax=0.0299,4,-0.0,0.032,-0.017,0.0011,0,1,0,0,0,0,1
7,4,26.0,0.0504,0.9193,0.1199,0.1199,0.0008,-1.0,0.0009,0.0454,0.9113,-1.0,38.2,0.9117,4.0,0.0002,0.0009,0.0,0.0897,38.2,0.0,0.5,1.0,0.0,0.0,distractor_bowl,0,,4,-0.001,0.033,-0.023,0.0002,1,1,1,0,0,0,1
7,40,35.0,0.0542,0.9215,0.1465,0.1465,0.0146,-1.0,0.0357,0.0171,0.9138,-1.0,39.8,0.9097,4.0,0.0022,0.0402,0.0,0.0794,39.2,0.0,0.5,1.0,0.0,0.0,distractor_bowl,0,,4,-0.006,0.029,-0.023,0.0104,1,1,1,0,1,1,1
7,41,35.0,0.0213,0.9115,0.1754,0.1754,0.0513,24.0,0.0496,0.0238,0.9113,-1.0,42.4,0.9101,6.0,0.0018,0.0496,0.0,0.085,42.4,0.0,0.5,1.0,0.0,0.0,distractor_bowl,0,pmax=0.0496,4,-0.002,0.03,-0.019,0.0008,0,1,0,0,0,1,1
7,42,31.0,0.0257,0.9123,0.1361,0.1361,0.0076,20.0,0.009,0.007,0.9132,-1.0,36.6,0.9114,6.0,0.0005,0.0092,0.0,0.0712,36.6,0.0,0.5,1.0,0.0,0.0,ramekin,0,pmax=0.0092,4,-0.003,0.028,-0.022,0.0005,0,1,0,1,1,1,1
7,43,350.0,0.1634,0.8979,0.1283,0.1283,0.1157,-1.0,-1.0,-1.0,-1.0,-1.0,36.9,0.8979,3.0,0.0332,0.1157,0.0,0.1554,36.9,0.0,0.5,1.0,0.0,0.0,distractor_bowl,0,,4,-0.003,0.028,-0.017,,0,0,0,0,0,0,0
7,44,29.0,0.0402,0.9145,0.1465,0.1465,0.0014,18.0,0.0064,0.0212,0.9116,-1.0,39.6,0.9113,6.0,0.0006,0.0064,0.0,0.072,39.6,0.0,0.5,1.0,0.0,0.0,ramekin,0,pmax=0.0064,4,-0.003,0.027,-0.018,0.001,0,1,0,0,0,1,1
7,45,32.0,0.0362,0.9119,0.1623,0.1623,0.0475,23.0,0.0475,0.0362,0.9121,-1.0,43.0,0.9119,6.0,0.0,0.0475,0.0,0.0747,43.0,44.0,0.5,1.0,1.0,0.0,distractor_bowl,0,pmax=0.0475,4,-0.003,0.028,-0.015,0.0002,0,1,0,0,0,0,1
7,46,31.0,0.0339,0.9117,0.1379,0.1379,0.0108,20.0,0.0109,0.0293,0.9112,-1.0,40.7,0.9098,5.0,0.0021,0.0109,0.0,0.0705,40.7,0.0,0.5,1.0,0.0,0.0,ramekin,0,pmax=0.0109,4,-0.004,0.027,-0.02,0.0001,0,1,0,0,0,1,1
7,47,35.0,0.021,0.9129,0.1363,0.1363,0.0046,24.0,0.0046,0.0193,0.9127,-1.0,34.2,0.9109,4.0,0.001,0.0048,0.0,0.0934,34.2,0.0,0.5,1.0,0.0,0.0,distractor_bowl,1,,4,-0.003,0.027,-0.02,0.001,0,1,0,0,1,1,1
7,48,30.0,0.0717,0.9143,0.1626,0.1626,0.0202,-1.0,0.0229,0.0338,0.9106,-1.0,37.5,0.9096,6.0,0.0215,0.0229,0.0,0.0768,37.5,0.0,0.5,1.0,0.0,0.0,distractor_bowl,0,,4,-0.005,0.029,-0.021,0.0003,1,1,0,0,0,0,1
7,49,33.0,0.0089,0.9109,0.1485,0.1485,0.0409,22.0,0.0401,0.0049,0.9111,-1.0,41.6,0.909,6.0,0.0029,0.0403,0.0,0.0705,41.6,0.0,0.5,1.0,0.0,0.0,distractor_bowl,0,pmax=0.0403,4,-0.006,0.03,-0.021,0.0,0,1,0,1,1,1,1
7,5,350.0,0.0639,0.899,0.134,0.134,0.1595,-1.0,-1.0,-1.0,-1.0,-1.0,35.4,0.8979,14.0,0.0332,0.1595,0.0,0.0682,35.4,0.0,0.5,1.0,0.0,0.0162,cookies,0,,4,-0.001,0.028,-0.017,,0,0,0,0,0,0,0
7,50,31.0,0.0392,0.911,0.146,0.146,0.0626,20.0,0.0544,0.0236,0.915,-1.0,40.4,0.9091,5.0,0.0028,0.0544,0.0,0.0731,40.4,2.0,0.5,1.0,0.0,0.0,distractor_bowl,0,pmax=0.0544,4,-0.005,0.025,-0.018,0.0018,0,1,0,0,0,1,1
7,6,63.0,0.059,0.9247,0.1293,0.1293,0.0097,-1.0,-1.0,-1.0,-1.0,-1.0,40.1,0.9049,8.0,0.0263,0.0122,0.0,0.2319,40.1,0.0,0.4974,1.0,1.0,0.0,distractor_bowl,0,,4,-0.004,0.033,-0.023,,0,0,0,0,0,0,0
7,7,31.0,0.0122,0.915,0.1511,0.1511,0.0334,21.0,0.0334,0.01,0.916,-1.0,40.7,0.9085,6.0,0.0034,0.0363,0.0,0.0755,40.7,0.0,0.5,1.0,1.0,0.0,distractor_bowl,0,"pmax=0.0363,bpen=0.0034",4,-0.004,0.026,-0.021,0.0001,0,1,0,1,1,1,1
7,8,28.0,0.0207,0.9115,0.1411,0.1411,0.0064,18.0,0.0065,0.0198,0.9114,-1.0,41.0,0.9112,5.0,0.0007,0.0065,0.0,0.0723,41.0,0.0,0.5,1.0,1.0,0.0,ramekin,0,pmax=0.0065,4,-0.004,0.029,-0.021,0.0,0,1,0,0,1,1,1
7,9,350.0,0.3367,0.9007,0.1294,0.1294,0.1358,-1.0,-1.0,-1.0,-1.0,-1.0,36.1,0.8979,30.0,0.0332,0.1471,0.0,0.0948,36.1,803.0,0.5,1.0,0.0,0.0714,ramekin,0,,4,-0.002,0.03,-0.019,,0,0,0,0,0,0,0
8,1,29.0,0.0904,0.9075,0.05,0.05,0.0214,-1.0,0.0203,0.0306,0.9123,-1.0,29.9,0.898,2.0,0.0001,0.0309,0.0,0.0944,29.9,0.0,0.5,1.0,0.0,0.0106,distractor_bowl,0,,8,-0.022,-0.072,-0.029,0.0007,1,1,0,0,0,0,1
8,10,25.0,0.0433,0.9136,0.0549,0.0549,0.0148,14.0,0.0003,0.0187,0.9153,-1.0,34.3,0.898,5.0,0.0002,0.0149,0.0,0.0946,34.3,0.0,0.5,1.0,0.0,0.0094,distractor_bowl,1,,8,-0.024,-0.075,-0.025,0.0017,0,1,0,0,1,1,1
8,11,29.0,0.025,0.912,0.0507,0.0507,0.0129,18.0,0.0123,0.0277,0.9122,-1.0,29.8,0.898,2.0,0.0001,0.0129,0.0,0.0904,29.8,0.0,0.5,1.0,0.0,0.0106,distractor_bowl,0,dist=0.0061(distractor_bowl,8,-0.024,-0.072,-0.032,0.0005,0,1,0,0,0,1,1
8,12,28.0,0.0186,0.9156,0.0607,0.0607,0.02,-1.0,0.018,0.0318,0.9131,-1.0,33.8,0.898,1.0,0.0,0.0236,0.0,0.0925,33.8,0.0,0.4813,1.0,0.0,0.0103,distractor_bowl,0,,8,-0.023,-0.07,-0.03,0.0021,1,1,0,0,0,0,1
8,13,26.0,0.027,0.9141,0.0433,0.0433,0.009,15.0,0.0046,0.0122,0.9136,-1.0,40.7,0.898,2.0,0.0,0.0079,0.0,0.0849,40.7,0.0,0.5,1.0,0.0,0.0097,distractor_bowl,0,dist=0.0051(distractor_bowl,8,-0.023,-0.077,-0.013,0.0003,0,1,0,1,1,1,1
8,14,33.0,0.0457,0.9142,0.0549,0.0549,0.0111,22.0,0.0065,0.0139,0.9156,-1.0,31.0,0.898,3.0,0.0001,0.0113,0.0,0.0954,31.0,0.0,0.5,1.0,0.0,0.0118,distractor_bowl,0,dist=0.0073(distractor_bowl,8,-0.018,-0.068,-0.028,0.0014,0,1,0,0,1,1,1
8,15,25.0,0.0413,0.9119,0.0477,0.0477,0.0011,14.0,0.0021,0.0062,0.9119,-1.0,33.8,0.898,3.0,0.0,0.0056,0.0,0.1058,33.8,0.0,0.5,1.0,0.0,0.0094,distractor_bowl,1,,7,-0.014,-0.069,-0.013,0.0,0,1,0,1,1,1,1
8,16,26.0,0.0148,0.9118,0.0554,0.0554,0.0169,15.0,0.0161,0.0285,0.9144,-1.0,30.9,0.898,2.0,0.0004,0.0161,0.0,0.0803,30.9,0.0,0.5,1.0,0.0,0.0097,distractor_bowl,0,dist=0.0051(distractor_bowl,8,-0.012,-0.068,-0.021,0.003,0,1,0,0,0,1,1
8,17,33.0,0.0268,0.9188,0.0533,0.0533,0.0086,-1.0,0.0102,0.017,0.9118,-1.0,38.8,0.898,8.0,0.0021,0.0109,0.0,0.0925,38.8,0.0,0.3158,1.0,0.0,0.0118,distractor_bowl,0,,8,-0.022,-0.071,-0.027,0.0,1,1,0,0,1,1,1
8,18,27.0,0.0257,0.9119,0.0611,0.0611,0.0235,16.0,0.0211,0.0343,0.9116,-1.0,32.0,0.898,2.0,0.0004,0.0211,0.0,0.0849,32.0,0.0,0.5,1.0,0.0,0.01,distractor_bowl,0,dist=0.0054(distractor_bowl,8,-0.02,-0.07,-0.032,0.0019,0,1,0,0,0,0,1
8,19,31.0,0.0539,0.9119,0.0503,0.0503,0.0506,-1.0,0.0486,0.0265,0.9156,-1.0,28.3,0.898,4.0,0.0009,0.0525,0.0,0.0948,28.3,0.0,0.5,1.0,0.0,0.0112,distractor_bowl,0,,8,-0.021,-0.069,-0.027,0.0013,1,1,0,0,0,1,1
8,2,41.0,0.0183,0.9152,0.0561,0.0561,0.0253,30.0,0.025,0.0208,0.916,-1.0,31.9,0.898,3.0,0.0,0.0413,0.0003,0.0988,31.9,0.0,0.5,1.0,0.0,0.0173,distractor_bowl,0,dist=0.0128(distractor_bowl,8,-0.024,-0.073,-0.048,0.0068,1,1,1,0,0,1,1
8,20,27.0,0.0484,0.9253,0.0422,0.0422,0.0528,-1.0,0.009,0.0335,0.9122,-1.0,53.4,0.898,6.0,0.0,0.0528,0.0004,0.0918,53.4,0.0,0.5,1.0,0.0,0.01,distractor_bowl,0,,8,-0.015,-0.075,-0.012,0.0,1,1,0,0,0,0,1
8,21,32.0,0.0357,0.9169,0.0512,0.0512,0.0164,-1.0,0.0076,0.0202,0.912,-1.0,36.8,0.898,5.0,0.0004,0.0181,0.0,0.0783,36.8,0.0,0.5,1.0,0.0,0.0131,distractor_bowl,0,,8,-0.02,-0.074,-0.012,0.0065,1,1,1,0,0,1,1
8,22,119.0,0.0698,0.9071,0.0603,0.0603,0.0996,-1.0,0.0753,0.042,0.9153,-1.0,37.7,0.898,19.0,0.0103,0.0996,0.0,0.092,37.7,0.0,0.5,1.0,0.0,0.0395,distractor_bowl,0,,8,-0.019,-0.071,-0.031,0.0035,1,1,1,0,0,0,1
8,23,28.0,0.0158,0.9129,0.0551,0.0551,0.0165,17.0,0.0093,0.0276,0.9152,-1.0,31.1,0.898,4.0,0.0002,0.011,0.0,0.0912,31.1,0.0,0.5,1.0,0.0,0.0103,distractor_bowl,0,dist=0.0057(distractor_bowl,8,-0.011,-0.076,-0.015,0.003,0,1,0,0,0,1,1
8,24,30.0,0.0423,0.912,0.049,0.049,0.0213,-1.0,0.0076,0.0223,0.9119,-1.0,40.2,0.898,4.0,0.0001,0.0223,0.0,0.0949,40.2,0.0,0.5,1.0,0.0,0.0109,distractor_bowl,0,,8,-0.022,-0.074,-0.03,0.0002,1,1,0,0,0,1,1
8,25,141.0,0.0661,0.9133,0.0535,0.0535,0.0583,-1.0,0.0521,0.0479,0.9117,-1.0,43.9,0.898,10.0,0.0061,0.0754,0.0004,0.12,43.9,0.0,0.5,1.0,0.0,0.0479,distractor_bowl,0,,8,-0.032,-0.063,-0.045,0.0008,1,1,0,0,0,0,1
8,26,27.0,0.0305,0.9118,0.0663,0.0663,0.0299,16.0,0.0232,0.0293,0.9134,-1.0,29.5,0.898,4.0,0.0001,0.0232,0.0003,0.0904,29.5,0.0,0.5,1.0,0.0,0.01,distractor_bowl,0,dist=0.0054(distractor_bowl,8,-0.023,-0.072,-0.032,0.0026,0,1,0,0,0,1,1
8,27,28.0,0.0369,0.912,0.0576,0.0576,0.0184,-1.0,0.0166,0.0308,0.9161,-1.0,28.1,0.898,4.0,0.0,0.0192,0.0,0.0884,28.1,0.0,0.5,1.0,0.0,0.0103,distractor_bowl,0,,8,-0.022,-0.074,-0.029,0.0022,1,1,0,0,0,0,1
8,28,30.0,0.0471,0.9116,0.0449,0.0449,0.073,19.0,0.0645,0.0283,0.9152,-1.0,33.2,0.898,3.0,0.0005,0.0645,0.0,0.0949,33.2,0.0,0.4848,1.0,0.0,0.0109,distractor_bowl,0,dist=0.0064(distractor_bowl,8,-0.023,-0.067,-0.032,0.0041,0,1,0,0,0,1,1
8,29,44.0,0.0377,0.9111,0.0584,0.0584,0.0108,33.0,0.016,0.0437,0.9134,-1.0,38.1,0.898,5.0,0.0008,0.0198,0.0001,0.09,38.1,0.0,0.5,1.0,0.0,0.0152,distractor_bowl,0,dist=0.0106(distractor_bowl,8,-0.022,-0.07,-0.029,0.0019,0,1,0,0,0,0,1
8,3,26.0,0.0239,0.9218,0.0528,0.0528,0.0057,-1.0,0.0062,0.0362,0.9117,-1.0,28.5,0.898,2.0,0.0003,0.0087,0.0,0.08,28.5,0.0,0.5,1.0,0.0,0.0097,distractor_bowl,0,,8,-0.019,-0.074,-0.012,0.0034,1,1,0,0,0,0,1
8,30,30.0,0.0355,0.9116,0.0339,0.0339,0.0109,19.0,0.0042,0.0341,0.9119,-1.0,41.7,0.898,3.0,0.0005,0.0109,0.0217,0.1073,41.7,0.0,0.5,1.0,0.0,0.0109,distractor_bowl,0,dist=0.0064(distractor_bowl,8,-0.001,-0.09,-0.024,0.0016,0,1,0,0,0,0,1
8,31,35.0,0.0635,0.9141,0.0577,0.0577,0.0385,-1.0,0.0323,0.0404,0.9118,-1.0,33.0,0.898,7.0,0.0002,0.0406,0.0,0.0904,33.0,0.0,0.5,1.0,0.0,0.0124,distractor_bowl,0,,8,-0.02,-0.07,-0.031,0.0,1,1,0,0,0,0,1
8,32,27.0,0.0341,0.9118,0.06,0.06,0.0179,16.0,0.0161,0.0329,0.9144,-1.0,29.0,0.898,4.0,0.0004,0.0161,0.0,0.0937,29.0,0.0,0.5,1.0,0.0,0.01,distractor_bowl,0,dist=0.0054(distractor_bowl,8,-0.021,-0.071,-0.031,0.0037,0,1,0,0,0,0,1
8,33,33.0,0.0267,0.9116,0.032,0.032,0.005,22.0,0.0044,0.0325,0.9124,-1.0,38.1,0.898,3.0,0.0005,0.0059,0.0,0.0769,38.1,0.0,0.495,1.0,0.0,0.0134,distractor_bowl,0,dist=0.0088(distractor_bowl,8,-0.016,-0.072,-0.012,0.0066,0,1,1,0,0,0,1
8,34,29.0,0.0322,0.9117,0.0589,0.0589,0.0153,18.0,0.0147,0.0329,0.9135,-1.0,31.3,0.898,3.0,0.0002,0.0147,0.0001,0.0918,31.3,0.0,0.5,1.0,0.0,0.0106,distractor_bowl,0,dist=0.0061(distractor_bowl,8,-0.024,-0.069,-0.039,0.0019,0,1,0,0,0,0,1
8,35,150.0,0.0967,0.902,0.04,0.04,0.0189,-1.0,-1.0,-1.0,-1.0,-1.0,31.8,0.898,7.0,0.0,0.024,0.0,0.0872,31.8,0.0,0.5,1.0,0.0,0.0459,distractor_bowl,0,,8,-0.023,-0.077,-0.013,,0,0,0,0,0,0,0
8,36,27.0,0.0283,0.9119,0.0417,0.0417,0.0084,16.0,0.0048,0.0103,0.9158,-1.0,31.3,0.898,3.0,0.0001,0.0095,0.0008,0.0951,31.3,0.0,0.5,1.0,0.0,0.01,distractor_bowl,0,dist=0.0054(distractor_bowl,8,-0.022,-0.067,-0.039,0.002,0,1,0,1,1,1,1
8,37,27.0,0.0525,0.9119,0.037,0.037,0.0141,-1.0,0.0095,0.0292,0.9139,-1.0,35.6,0.898,4.0,0.0,0.0163,0.0,0.0845,35.6,0.0,0.5,1.0,0.0,0.01,distractor_bowl,0,,8,-0.02,-0.072,-0.012,0.0023,1,1,0,0,0,1,1
8,38,28.0,0.0182,0.912,0.0493,0.0493,0.0039,17.0,0.0041,0.0391,0.9122,-1.0,31.8,0.898,4.0,0.0,0.0053,0.0,0.0747,31.8,0.0,0.5,1.0,0.0,0.0103,distractor_bowl,0,dist=0.0057(distractor_bowl,8,-0.016,-0.071,-0.012,0.0024,0,1,0,0,0,0,1
8,39,26.0,0.0274,0.9115,0.0593,0.0593,0.0036,15.0,0.0102,0.0142,0.9145,-1.0,34.1,0.898,2.0,0.0004,0.0102,0.0,0.0823,34.1,0.0,0.5,1.0,0.0,0.0097,distractor_bowl,0,dist=0.0051(distractor_bowl,8,-0.017,-0.069,-0.025,0.0032,0,1,0,0,1,1,1
8,4,26.0,0.039,0.9157,0.0547,0.0547,0.0322,-1.0,0.0232,0.0296,0.9121,-1.0,31.1,0.898,4.0,0.0003,0.0324,0.0,0.0914,31.1,0.0,0.5,1.0,0.0,0.0097,distractor_bowl,0,,8,-0.019,-0.07,-0.028,0.0015,1,1,0,0,0,1,1
8,40,28.0,0.0239,0.914,0.0498,0.0498,0.0038,17.0,0.0067,0.0429,0.913,-1.0,33.9,0.898,3.0,0.0,0.0067,0.0,0.1031,33.9,0.0,0.3863,1.0,0.0,0.0103,distractor_bowl,0,dist=0.0057(distractor_bowl,7,-0.007,-0.074,-0.013,0.0007,0,1,0,0,0,0,1
8,41,26.0,0.0166,0.9146,0.0633,0.0633,0.0256,15.0,0.0198,0.03,0.9137,-1.0,31.2,0.898,2.0,0.0,0.0198,0.0,0.0818,31.2,0.0,0.5,1.0,0.0,0.0097,distractor_bowl,0,dist=0.0051(distractor_bowl,8,-0.022,-0.074,-0.026,0.0029,0,1,0,0,0,0,1
8,42,31.0,0.0294,0.9173,0.0634,0.0634,0.0213,-1.0,0.0198,0.0276,0.918,-1.0,29.2,0.898,3.0,0.0003,0.0232,0.0008,0.0948,29.2,0.0,0.3621,1.0,0.0,0.0143,distractor_bowl,0,,8,-0.025,-0.069,-0.045,0.0082,1,1,2,0,0,1,1
8,43,28.0,0.0241,0.9108,0.0516,0.0516,0.0301,-1.0,0.0104,0.0305,0.913,-1.0,31.2,0.898,2.0,0.0011,0.0301,0.0,0.0828,31.2,0.0,0.5,1.0,0.0,0.0103,distractor_bowl,0,,8,-0.019,-0.071,-0.013,0.0009,1,1,0,0,0,0,1
8,44,31.0,0.0164,0.9119,0.0623,0.0623,0.0121,20.0,0.0119,0.011,0.9157,-1.0,29.0,0.898,3.0,0.0001,0.0124,0.0,0.0753,29.0,0.0,0.5,1.0,0.0,0.0112,distractor_bowl,0,dist=0.0067(distractor_bowl,8,-0.021,-0.077,-0.028,0.0006,0,1,0,1,1,1,1
8,45,28.0,0.0255,0.9119,0.0515,0.0515,0.0207,17.0,0.0189,0.0186,0.9159,-1.0,30.1,0.898,4.0,0.0,0.0189,0.0,0.0904,30.1,0.0,0.5,1.0,0.0,0.0103,distractor_bowl,0,dist=0.0057(distractor_bowl,8,-0.025,-0.075,-0.029,0.0017,0,1,0,0,1,1,1
8,46,37.0,0.0296,0.912,0.0494,0.0494,0.006,-1.0,0.0063,0.0344,0.9159,-1.0,31.3,0.898,6.0,0.0007,0.0134,0.0,0.0794,31.3,0.0,0.4697,1.0,0.0,0.0146,distractor_bowl,0,,8,-0.018,-0.074,-0.013,0.0018,2,1,0,0,0,0,1
8,47,37.0,0.0365,0.911,0.0193,0.0193,0.0086,-1.0,-1.0,-1.0,-1.0,-1.0,29.2,0.898,1.0,0.001,0.0106,0.0,0.0762,0.0,0.0,0.5,1.0,1.0,0.0115,distractor_bowl,0,,8,-0.017,-0.071,-0.013,,0,0,0,0,0,0,0
8,48,30.0,0.0433,0.9205,0.0396,0.0396,0.0097,-1.0,0.0025,0.0286,0.9173,-1.0,33.4,0.898,1.0,0.0,0.0097,0.0,0.0784,33.4,0.0,0.5,1.0,0.0,0.0109,distractor_bowl,0,,8,-0.017,-0.074,-0.011,0.0022,1,1,0,0,0,1,1
8,49,150.0,0.2402,0.9118,0.0604,0.0604,0.282,-1.0,-1.0,-1.0,-1.0,-1.0,42.1,0.898,17.0,0.0,0.2825,0.0,0.1009,42.1,0.0,0.5,1.0,0.0,0.1372,ramekin,0,,8,-0.025,-0.075,-0.029,,0,0,0,0,0,0,0
8,5,26.0,0.0282,0.9208,0.0671,0.0671,0.0136,-1.0,0.0131,0.0354,0.9129,-1.0,29.6,0.898,3.0,0.0,0.0137,0.0,0.0822,29.6,0.0,0.4781,1.0,0.0,0.0097,distractor_bowl,0,,8,-0.019,-0.077,-0.021,0.001,1,1,0,0,0,0,1
8,50,150.0,0.0897,0.8981,0.0525,0.0525,0.1549,-1.0,0.0252,0.0543,0.9064,-1.0,37.0,0.898,11.0,0.0134,0.1549,0.0,0.0837,37.0,0.0,0.5,1.0,0.0,0.0474,distractor_bowl,0,,8,-0.014,-0.071,-0.012,0.0087,0,0,1,0,0,0,0
8,6,25.0,0.0465,0.9169,0.048,0.048,0.009,14.0,0.0053,0.0222,0.9175,-1.0,30.3,0.898,1.0,0.0008,0.0084,0.0,0.0846,29.3,0.0,0.5,1.0,0.0,0.0094,distractor_bowl,0,pmax=0.0084,8,-0.015,-0.068,-0.027,0.0002,0,1,0,0,0,1,1
8,7,29.0,0.0649,0.9094,0.0489,0.0489,0.0117,-1.0,0.0263,0.0465,0.9153,-1.0,35.1,0.898,4.0,0.0,0.0313,0.0,0.1034,35.1,0.0,0.5,1.0,0.0,0.0106,distractor_bowl,0,,8,-0.022,-0.073,-0.021,0.0029,1,1,0,0,0,0,1
8,8,23.0,0.0421,0.9123,0.0477,0.0477,0.0136,-1.0,0.0068,0.0264,0.9121,-1.0,35.0,0.898,3.0,0.0,0.0136,0.0,0.0836,35.0,0.0,0.5,1.0,0.0,0.0088,distractor_bowl,0,,8,-0.015,-0.069,-0.014,0.0,1,1,0,0,0,1,1
8,9,26.0,0.0338,0.912,0.0499,0.0499,0.0081,15.0,0.012,0.0413,0.913,-1.0,31.5,0.898,2.0,0.0,0.0129,0.0,0.08,31.5,0.0,0.3818,1.0,0.0,0.0097,distractor_bowl,0,dist=0.0051(distractor_bowl,8,-0.013,-0.069,-0.013,0.002,0,1,0,0,0,0,1
9,1,250.0,0.2478,0.9518,0.017,0.017,0.1354,-1.0,-1.0,-1.0,-1.0,-1.0,180.0,0.9518,3.0,0.1746,0.1354,0.0,0.2953,0.0,13.0,0.5,1.0,0.0,0.1283,cookies,0,,6,-0.027,0.038,-0.015,,0,0,0,0,0,0,0
9,10,47.0,0.0351,0.9117,0.1037,0.1037,0.0081,38.0,0.0081,0.0351,0.9117,-1.0,31.2,0.9117,9.0,0.2139,0.0122,0.0,0.122,23.8,0.0,0.5,1.0,1.0,0.0,ramekin,0,"pmax=0.0122,bpen=0.2139",6,-0.031,0.039,-0.029,0.0,0,1,0,0,0,0,1
9,11,56.0,0.0349,0.9115,0.0087,0.0087,0.0103,48.0,0.0103,0.0349,0.9115,55.0,38.1,0.8978,11.0,0.2286,0.0103,0.0,0.359,0.0,0.0,0.5,1.0,0.0,0.0,distractor_bowl,0,"pmax=0.0103,bpen=0.2286",6,-0.024,0.037,-0.011,0.0067,1,1,1,0,0,0,1
9,12,31.0,0.0242,0.912,0.1004,0.1004,0.0019,20.0,0.001,0.0189,0.9131,-1.0,23.7,0.9118,7.0,0.0738,0.002,0.0,0.1333,23.7,0.0,0.5,1.0,0.0,0.0,distractor_bowl,0,bpen=0.0738,6,-0.041,0.034,-0.028,0.0011,0,1,0,0,1,1,1
9,13,250.0,0.0785,0.898,0.093,0.093,0.3414,-1.0,-1.0,-1.0,-1.0,-1.0,41.2,0.8979,13.0,0.2285,0.3414,0.0029,0.5283,29.9,0.0,0.5,1.0,0.0,0.3395,ramekin,0,,6,-0.043,0.037,-0.028,,0,0,0,0,0,0,0
9,14,250.0,0.2387,0.898,0.013,0.013,0.0811,-1.0,-1.0,-1.0,-1.0,-1.0,65.0,0.898,5.0,0.2284,0.0811,0.0,0.356,0.0,3.0,0.5,1.0,0.0,0.1036,cookies,0,,6,-0.027,0.034,-0.014,,0,0,0,0,0,0,0
9,15,38.0,0.0253,0.9117,0.1044,0.1044,0.033,-1.0,0.0079,0.0211,0.9122,-1.0,32.6,0.9117,8.0,0.1031,0.033,0.0,0.1187,32.6,0.0,0.5,1.0,0.0,0.0,ramekin,0,,6,-0.035,0.037,-0.03,0.0012,2,1,0,0,0,1,1
9,16,23.0,0.0357,0.9164,0.0925,0.0925,0.0448,20.0,0.0299,0.0301,0.9117,22.0,27.3,0.9117,7.0,0.0905,0.0299,0.0,0.1403,27.3,0.0,0.5,1.0,0.0,0.0,distractor_bowl,0,"pmax=0.0299,bpen=0.0905",6,-0.034,0.037,-0.03,0.0,0,1,0,0,0,0,1
9,17,50.0,0.0502,0.9109,0.0861,0.0861,0.0359,-1.0,0.0044,0.0476,0.9108,-1.0,90.0,0.8979,14.0,0.2285,0.0376,0.0,0.3455,29.4,0.0,0.5,1.0,0.0,0.0001,cookies,0,,6,-0.033,0.041,-0.029,0.0,1,1,0,0,0,0,1
9,18,40.0,0.0459,0.9103,0.0932,0.0932,0.0814,29.0,0.0276,0.0118,0.9115,-1.0,33.6,0.906,13.0,0.0761,0.0288,0.0,0.1396,29.3,0.0,0.5,1.0,0.0,0.0,distractor_bowl,0,"pmax=0.0288,bpen=0.0761",6,-0.044,0.032,-0.03,0.0002,0,1,0,1,1,1,1
9,19,27.0,0.0246,0.9121,0.0939,0.0939,0.0071,-1.0,0.0012,0.0445,0.916,-1.0,30.0,0.9117,5.0,0.0656,0.0071,0.0,0.1313,30.0,0.0,0.5,1.0,0.0,0.0,ramekin,0,,6,-0.041,0.032,-0.03,0.0032,1,1,0,0,0,0,1
9,2,32.0,0.0798,0.8991,0.0927,0.0927,0.0377,-1.0,0.0389,0.0443,0.9116,-1.0,58.6,0.8991,8.0,0.2273,0.0389,0.0,0.1239,31.3,0.0,0.5,1.0,0.0,0.0,distractor_bowl,0,,6,-0.03,0.036,-0.016,0.0,1,1,0,0,0,0,1
9,20,250.0,0.2177,0.917,0.0785,0.0785,0.0,-1.0,-1.0,-1.0,-1.0,-1.0,75.7,0.917,2.0,0.2094,0.0,0.0,0.3455,21.6,1829.0,0.5,1.0,0.0,0.0,cookies,0,,6,-0.024,0.034,-0.016,,0,0,0,0,0,0,0
9,21,250.0,0.467,1.1264,0.0041,0.0041,0.0002,-1.0,-1.0,-1.0,-1.0,-1.0,8.5,1.1264,1.0,0.0,0.0025,0.0,0.4307,0.0,3.0,0.5,1.0,0.0,0.0,distractor_bowl,0,,5,-0.041,0.042,-0.013,,0,0,0,0,0,0,0
9,22,250.0,0.488,1.1264,0.0012,0.0012,0.0,-1.0,-1.0,-1.0,-1.0,-1.0,2.6,1.1264,0.0,0.0,0.0,0.0,0.1932,0.0,1611.0,0.5,1.0,0.0,0.0,distractor_bowl,0,,6,-0.044,0.041,-0.029,,0,0,0,0,0,0,0
9,23,250.0,0.1766,0.9093,0.0914,0.0914,0.1612,-1.0,-1.0,-1.0,-1.0,-1.0,34.5,0.898,77.0,0.2283,0.1626,0.0,0.1589,25.2,0.0,0.5,1.0,0.0,0.038,ramekin,0,,6,-0.027,0.04,-0.02,,0,0,0,0,0,0,0
9,24,35.0,0.0402,0.9021,0.0886,0.0886,0.0865,-1.0,0.0522,0.0429,0.912,-1.0,34.4,0.8986,10.0,0.0529,0.0959,0.0035,0.1313,34.4,0.0,0.5,1.0,0.0,0.0,ramekin,0,,6,-0.045,0.035,-0.031,0.0019,1,1,0,0,0,0,1
9,25,36.0,0.0339,0.9119,0.0948,0.0948,0.0007,25.0,0.0016,0.0393,0.9118,-1.0,29.5,0.8979,3.0,0.2285,0.0022,0.0,0.3874,27.5,0.0,0.5,1.0,0.0,0.0,ramekin,0,bpen=0.2285,6,-0.033,0.037,-0.03,0.0013,0,1,0,0,0,0,1
9,26,250.0,0.0493,0.9268,0.0583,0.0583,0.4169,-1.0,-1.0,-1.0,-1.0,-1.0,46.3,0.8979,73.0,0.2285,0.4169,0.0,0.226,38.0,0.0,0.4979,1.0,0.0,0.0004,cookies,0,,6,-0.023,0.039,-0.012,,0,0,0,0,0,0,0
9,27,250.0,0.3152,0.9515,0.0945,0.0945,0.1947,-1.0,-1.0,-1.0,-1.0,-1.0,180.0,0.9515,1.0,0.1749,0.1947,0.0,0.5753,22.3,0.0,0.5,1.0,0.0,0.3542,ramekin,0,,6,-0.03,0.031,-0.028,,0,0,0,0,0,0,0
9,28,73.0,0.0304,0.9077,0.0911,0.0911,0.2668,-1.0,0.2668,0.0488,0.9093,-1.0,33.4,0.898,18.0,0.2284,0.2668,0.0,0.1234,27.3,0.0,0.5,1.0,0.0,0.0,ramekin,0,,6,-0.038,0.034,-0.03,0.008,1,1,1,0,0,0,1
9,29,250.0,0.4819,1.1264,0.0032,0.0032,0.0,-1.0,-1.0,-1.0,-1.0,-1.0,6.6,1.1264,1.0,0.0,0.0,0.0,0.4608,0.0,9.0,0.4833,1.0,0.0,0.0,ramekin,0,,6,-0.035,0.031,-0.03,,0,0,0,0,0,0,0
9,3,126.0,0.0642,0.9122,0.0708,0.0708,0.0693,-1.0,0.0689,0.0447,0.912,-1.0,77.0,0.898,35.0,0.2284,0.0779,0.0,0.1076,28.7,0.0,0.5,1.0,0.0,0.0,ramekin,0,,6,-0.023,0.034,-0.012,0.0,1,1,0,0,0,0,1
9,30,250.0,0.4124,1.1264,0.0544,0.0544,0.0,-1.0,-1.0,-1.0,-1.0,-1.0,83.7,1.1264,3.0,0.0,0.0,0.0,0.3503,83.7,0.0,0.4889,1.0,0.0,0.0,distractor_bowl,0,,5,-0.045,0.043,-0.017,,0,0,0,0,0,0,0
9,31,250.0,0.4794,1.1264,0.0024,0.0024,0.0,-1.0,-1.0,-1.0,-1.0,-1.0,5.9,1.1264,0.0,0.0,0.0,0.0,0.4384,0.0,0.0,0.5,1.0,0.0,0.0,distractor_bowl,0,,6,-0.025,0.036,-0.011,,0,0,0,0,0,0,0
9,32,28.0,0.071,0.9181,0.111,0.111,0.009,-1.0,0.0004,0.0474,0.914,-1.0,24.8,0.9141,6.0,0.2095,0.009,0.0,0.1176,24.8,0.0,0.5,1.0,0.0,0.0,ramekin,0,,6,-0.038,0.039,-0.029,0.0006,1,1,0,0,0,0,1
9,33,31.0,0.0052,0.9121,0.0903,0.0903,0.0523,20.0,0.0505,0.0088,0.9122,-1.0,30.3,0.9119,6.0,0.0665,0.0507,0.0,0.1226,28.3,0.0,0.5,1.0,0.0,0.0,ramekin,0,"pmax=0.0507,bpen=0.0665",6,-0.039,0.044,-0.028,0.0,0,1,0,1,1,1,1
9,34,250.0,0.316,0.9517,0.0238,0.0238,0.0,-1.0,-1.0,-1.0,-1.0,-1.0,180.0,0.9517,2.0,0.1747,0.0,0.0,0.2726,23.9,1796.0,0.5,1.0,0.0,0.0,distractor_bowl,0,,6,-0.025,0.032,-0.012,,0,0,0,0,0,0,0
9,35,250.0,0.1309,0.9058,0.0606,0.0606,0.2509,-1.0,-1.0,-1.0,-1.0,-1.0,42.3,0.8979,53.0,0.2285,0.2509,0.0,0.1537,31.4,11.0,0.5,1.0,0.0,0.0034,cookies,0,,6,-0.02,0.033,-0.011,,0,0,0,0,0,0,0
9,36,29.0,0.015,0.912,0.0961,0.0961,0.0085,-1.0,0.001,0.0405,0.9146,-1.0,23.2,0.912,9.0,0.026,0.0122,0.0,0.1091,23.2,0.0,0.5,1.0,0.0,0.0,distractor_bowl,0,,6,-0.032,0.035,-0.03,0.0002,1,1,0,0,0,0,1
9,37,250.0,0.3201,0.8979,0.0875,0.0875,0.0714,-1.0,-1.0,-1.0,-1.0,-1.0,23.0,0.8979,3.0,0.2285,0.0819,0.0,0.3085,23.0,0.0,0.5,1.0,0.0,0.0601,cookies,0,,6,-0.027,0.041,-0.021,,0,0,0,0,0,0,0
9,38,28.0,0.0366,0.9146,0.0961,0.0961,0.0019,17.0,0.0019,0.0405,0.9147,-1.0,26.1,0.9138,7.0,0.1091,0.0019,0.0,0.1076,26.1,0.0,0.5,1.0,0.0,0.0,ramekin,0,bpen=0.1091,6,-0.027,0.037,-0.016,0.0003,0,1,0,0,0,0,1
9,39,31.0,0.0495,0.9114,0.0707,0.0707,0.0506,-1.0,0.0352,0.0226,0.9118,-1.0,43.5,0.9111,9.0,0.2067,0.0506,0.0,0.1082,30.1,0.0,0.5,1.0,0.0,0.0,ramekin,0,,5,-0.031,0.038,-0.014,0.0,1,1,0,0,0,1,1
9,4,28.0,0.0224,0.9122,0.0963,0.0963,0.0034,17.0,0.0004,0.046,0.915,-1.0,25.5,0.9122,7.0,0.0383,0.0034,0.0,0.1161,25.5,0.0,0.5,1.0,0.0,0.0,distractor_bowl,0,bpen=0.0383,6,-0.033,0.037,-0.029,0.0007,0,1,0,0,0,0,1
9,40,60.0,0.0461,0.9006,0.0907,0.0907,0.1487,-1.0,0.0708,0.0329,0.9144,-1.0,26.4,0.9006,11.0,0.2152,0.1487,0.0,0.1171,26.4,0.0,0.5,1.0,0.0,0.0,distractor_bowl,0,,6,-0.034,0.04,-0.028,0.0021,1,1,1,0,0,0,1
9,41,250.0,0.1833,0.9093,0.0972,0.0972,0.6089,-1.0,-1.0,-1.0,-1.0,-1.0,40.0,0.9021,4.0,0.2243,0.6089,0.0,0.581,22.6,0.0,0.481,1.0,0.0,0.3591,ramekin,0,,6,-0.026,0.036,-0.025,,0,0,0,0,0,0,0
9,42,33.0,0.006,0.9158,0.0958,0.0958,0.0022,22.0,0.0008,0.0121,0.9117,-1.0,24.9,0.9117,9.0,0.0455,0.0032,0.0,0.1058,21.6,0.0,0.3562,1.0,0.0,0.0,distractor_bowl,0,bpen=0.0455,6,-0.033,0.034,-0.027,0.0,0,1,0,1,1,1,1
9,43,250.0,0.0288,0.898,0.0828,0.0828,0.18,-1.0,-1.0,-1.0,-1.0,-1.0,46.3,0.898,71.0,0.2232,0.18,0.0,0.1394,33.1,1.0,0.5,1.0,0.0,0.0,ramekin,0,,6,-0.034,0.037,-0.03,,0,0,0,0,0,0,0
9,44,27.0,0.0243,0.912,0.1042,0.1042,0.0016,16.0,0.0,0.0303,0.9131,-1.0,23.4,0.9116,6.0,0.0726,0.0016,0.0,0.111,23.4,0.0,0.5,1.0,0.0,0.0,ramekin,0,bpen=0.0726,6,-0.029,0.035,-0.029,0.0043,0,1,0,0,0,0,1
9,45,250.0,0.4814,1.1264,0.0014,0.0014,0.001,-1.0,-1.0,-1.0,-1.0,-1.0,3.1,1.1264,0.0,0.0,0.0013,0.0,0.409,0.0,7.0,0.4813,1.0,0.0,0.0,ramekin,0,,6,-0.035,0.034,-0.03,,0,0,0,0,0,0,0
9,46,250.0,0.3056,0.9515,0.0884,0.0884,0.0555,-1.0,-1.0,-1.0,-1.0,-1.0,180.0,0.9515,1.0,0.1749,0.0556,0.0,0.3228,27.2,0.0,0.4995,1.0,0.0,0.001,cookies,0,,6,-0.037,0.034,-0.03,,0,0,0,0,0,0,0
9,47,27.0,0.0202,0.9121,0.1083,0.1083,0.016,-1.0,0.0019,0.0447,0.913,-1.0,30.0,0.9121,8.0,0.0713,0.0198,0.0,0.1305,30.0,0.0,0.5,1.0,0.0,0.0,ramekin,0,,6,-0.035,0.038,-0.028,0.0009,1,1,0,0,0,0,1
9,48,250.0,0.4485,1.1264,0.0307,0.0307,0.0025,-1.0,-1.0,-1.0,-1.0,-1.0,19.7,1.1264,3.0,0.0,0.0082,0.0,0.4417,19.7,0.0,0.5,1.0,0.0,0.0,ramekin,0,,6,-0.027,0.029,-0.011,,0,0,0,0,0,0,0
9,49,33.0,0.0701,0.9184,0.0898,0.0898,0.0489,-1.0,0.0167,0.0368,0.9115,-1.0,30.9,0.9104,9.0,0.208,0.0489,0.0,0.1289,26.7,0.0,0.5,1.0,0.0,0.0,distractor_bowl,0,,6,-0.038,0.032,-0.03,0.0,1,1,0,0,0,0,1
9,5,250.0,0.0311,0.9014,0.0952,0.0952,0.1582,-1.0,0.0494,0.0496,0.9069,-1.0,30.5,0.898,82.0,0.2277,0.1588,0.0,0.1249,29.4,14.0,0.5,1.0,0.0,0.0,ramekin,0,,6,-0.033,0.045,-0.029,0.0075,0,0,1,0,0,0,1
9,50,41.0,0.0371,0.9211,0.0949,0.0949,0.0095,-1.0,0.0311,0.0395,0.9114,-1.0,27.2,0.9106,13.0,0.2158,0.052,0.0,0.1279,26.4,0.0,0.5,1.0,0.0,0.0,distractor_bowl,0,,6,-0.039,0.031,-0.028,0.0,1,1,0,0,0,0,1
9,6,85.0,0.067,0.9119,0.0996,0.0996,0.0748,-1.0,0.0353,0.0328,0.9137,-1.0,37.3,0.9051,22.0,0.2213,0.0895,0.0,0.1171,25.4,0.0,0.5,1.0,0.0,0.0,distractor_bowl,0,,6,-0.043,0.033,-0.029,0.0027,1,1,0,0,0,0,1
9,7,250.0,0.3336,0.911,0.0649,0.0649,0.0021,-1.0,-1.0,-1.0,-1.0,-1.0,35.9,0.8979,3.0,0.2285,0.0021,0.0,0.2466,28.0,0.0,0.4938,1.0,0.0,0.0701,cookies,0,,6,-0.021,0.036,-0.014,,0,0,0,0,0,0,0
9,8,250.0,0.3457,0.9054,0.0927,0.0927,0.0006,-1.0,-1.0,-1.0,-1.0,-1.0,26.7,0.8979,3.0,0.2285,0.0006,0.0,0.3435,26.7,0.0,0.5,1.0,0.0,0.1494,cookies,0,,6,-0.034,0.045,-0.024,,0,0,0,0,0,0,0
9,9,129.0,0.0483,0.9079,0.0667,0.0667,0.0697,-1.0,0.0482,0.016,0.9112,-1.0,34.1,0.898,35.0,0.2255,0.0933,0.0,0.125,31.0,0.0,0.5,1.0,0.0,0.0,ramekin,0,,6,-0.026,0.037,-0.018,0.0029,1,1,0,0,1,1,1
